artist,song,popularity,uri,url,features,danceability,energy,key,loudness,mode,speechiness,acousticness,instrumentalness,liveness,valence,tempo,type,id,track_href,analysis_url,duration_ms,time_signature
Natasha Bedingfield,Unwritten,2,spotify:track:1D1nixOVWOxvNfWi0UD7VX,https://open.spotify.com/track/1D1nixOVWOxvNfWi0UD7VX,"[{'danceability': 0.706, 'energy': 0.8, 'key': 5, 'loudness': -6.333, 'mode': 1, 'speechiness': 0.0399, 'acousticness': 0.00584, 'instrumentalness': 0, 'liveness': 0.0822, 'valence': 0.629, 'tempo': 100.011, 'type': 'audio_features', 'id': '1D1nixOVWOxvNfWi0UD7VX', 'uri': 'spotify:track:1D1nixOVWOxvNfWi0UD7VX', 'track_href': 'https://api.spotify.com/v1/tracks/1D1nixOVWOxvNfWi0UD7VX', 'analysis_url': 'https://api.spotify.com/v1/audio-analysis/1D1nixOVWOxvNfWi0UD7VX', 'duration_ms': 259333, 'time_signature': 4}]",0.706,0.8,5,-6.333,1,0.0399,0.00584,0.0,0.0822,0.629,100.011,audio_features,1D1nixOVWOxvNfWi0UD7VX,https://api.spotify.com/v1/tracks/1D1nixOVWOxvNfWi0UD7VX,https://api.spotify.com/v1/audio-analysis/1D1nixOVWOxvNfWi0UD7VX,259333,4
Craig David,I Know You,0,spotify:track:34t13rSSZtr22CjcmroMmh,https://open.spotify.com/track/34t13rSSZtr22CjcmroMmh,"[{'danceability': 0.56, 'energy': 0.746, 'key': 9, 'loudness': -5.098, 'mode': 1, 'speechiness': 0.0894, 'acousticness': 0.151, 'instrumentalness': 0, 'liveness': 0.0834, 'valence': 0.259, 'tempo': 140.813, 'type': 'audio_features', 'id': '34t13rSSZtr22CjcmroMmh', 'uri': 'spotify:track:34t13rSSZtr22CjcmroMmh', 'track_href': 'https://api.spotify.com/v1/tracks/34t13rSSZtr22CjcmroMmh', 'analysis_url': 'https://api.spotify.com/v1/audio-analysis/34t13rSSZtr22CjcmroMmh', 'duration_ms': 214960, 'time_signature': 4}]",0.56,0.746,9,-5.098,1,0.0894,0.151,0.0,0.0834,0.259,140.813,audio_features,34t13rSSZtr22CjcmroMmh,https://api.spotify.com/v1/tracks/34t13rSSZtr22CjcmroMmh,https://api.spotify.com/v1/audio-analysis/34t13rSSZtr22CjcmroMmh,214960,4
Martin Garrix,In the Name of Love,82,spotify:track:23L5CiUhw2jV1OIMwthR3S,https://open.spotify.com/track/23L5CiUhw2jV1OIMwthR3S,"[{'danceability': 0.501, 'energy': 0.519, 'key': 4, 'loudness': -5.88, 'mode': 0, 'speechiness': 0.0409, 'acousticness': 0.109, 'instrumentalness': 0, 'liveness': 0.454, 'valence': 0.168, 'tempo': 133.99, 'type': 'audio_features', 'id': '23L5CiUhw2jV1OIMwthR3S', 'uri': 'spotify:track:23L5CiUhw2jV1OIMwthR3S', 'track_href': 'https://api.spotify.com/v1/tracks/23L5CiUhw2jV1OIMwthR3S', 'analysis_url': 'https://api.spotify.com/v1/audio-analysis/23L5CiUhw2jV1OIMwthR3S', 'duration_ms': 195707, 'time_signature': 4}]",0.501,0.519,4,-5.88,0,0.0409,0.109,0.0,0.454,0.168,133.99,audio_features,23L5CiUhw2jV1OIMwthR3S,https://api.spotify.com/v1/tracks/23L5CiUhw2jV1OIMwthR3S,https://api.spotify.com/v1/audio-analysis/23L5CiUhw2jV1OIMwthR3S,195707,4
Maino,All the Above (feat. T-Pain),60,spotify:track:1z667LebVh3DtYNrVJEao0,https://open.spotify.com/track/1z667LebVh3DtYNrVJEao0,"[{'danceability': 0.374, 'energy': 0.888, 'key': 8, 'loudness': -3.197, 'mode': 1, 'speechiness': 0.12, 'acousticness': 0.0762, 'instrumentalness': 0, 'liveness': 0.202, 'valence': 0.365, 'tempo': 148.828, 'type': 'audio_features', 'id': '1z667LebVh3DtYNrVJEao0', 'uri': 'spotify:track:1z667LebVh3DtYNrVJEao0', 'track_href': 'https://api.spotify.com/v1/tracks/1z667LebVh3DtYNrVJEao0', 'analysis_url': 'https://api.spotify.com/v1/audio-analysis/1z667LebVh3DtYNrVJEao0', 'duration_ms': 319940, 'time_signature': 4}]",0.374,0.888,8,-3.197,1,0.12,0.0762,0.0,0.202,0.365,148.828,audio_features,1z667LebVh3DtYNrVJEao0,https://api.spotify.com/v1/tracks/1z667LebVh3DtYNrVJEao0,https://api.spotify.com/v1/audio-analysis/1z667LebVh3DtYNrVJEao0,319940,4
Brad Paisley,Crushin' It,49,spotify:track:3yMVUGqVK5iTTkA8kGChH2,https://open.spotify.com/track/3yMVUGqVK5iTTkA8kGChH2,"[{'danceability': 0.595, 'energy': 0.823, 'key': 2, 'loudness': -5.864, 'mode': 1, 'speechiness': 0.0483, 'acousticness': 0.0385, 'instrumentalness': 1.35e-06, 'liveness': 0.0984, 'valence': 0.745, 'tempo': 108.99, 'type': 'audio_features', 'id': '3yMVUGqVK5iTTkA8kGChH2', 'uri': 'spotify:track:3yMVUGqVK5iTTkA8kGChH2', 'track_href': 'https://api.spotify.com/v1/tracks/3yMVUGqVK5iTTkA8kGChH2', 'analysis_url': 'https://api.spotify.com/v1/audio-analysis/3yMVUGqVK5iTTkA8kGChH2', 'duration_ms': 220147, 'time_signature': 4}]",0.595,0.823,2,-5.864,1,0.0483,0.0385,1.35e-06,0.0984,0.745,108.99,audio_features,3yMVUGqVK5iTTkA8kGChH2,https://api.spotify.com/v1/tracks/3yMVUGqVK5iTTkA8kGChH2,https://api.spotify.com/v1/audio-analysis/3yMVUGqVK5iTTkA8kGChH2,220147,4
GAWVI,God Speed,0,spotify:track:6yhzjotdCJl9QTfC9unFAr,https://open.spotify.com/track/6yhzjotdCJl9QTfC9unFAr,"[{'danceability': 0.78, 'energy': 0.714, 'key': 2, 'loudness': -7.116, 'mode': 1, 'speechiness': 0.22, 'acousticness': 0.00349, 'instrumentalness': 4.4e-05, 'liveness': 0.151, 'valence': 0.53, 'tempo': 150.044, 'type': 'audio_features', 'id': '6yhzjotdCJl9QTfC9unFAr', 'uri': 'spotify:track:6yhzjotdCJl9QTfC9unFAr', 'track_href': 'https://api.spotify.com/v1/tracks/6yhzjotdCJl9QTfC9unFAr', 'analysis_url': 'https://api.spotify.com/v1/audio-analysis/6yhzjotdCJl9QTfC9unFAr', 'duration_ms': 177219, 'time_signature': 4}]",0.78,0.714,2,-7.116,1,0.22,0.00349,4.4e-05,0.151,0.53,150.044,audio_features,6yhzjotdCJl9QTfC9unFAr,https://api.spotify.com/v1/tracks/6yhzjotdCJl9QTfC9unFAr,https://api.spotify.com/v1/audio-analysis/6yhzjotdCJl9QTfC9unFAr,177219,4
21 Savage,Bank Account,8,spotify:track:2fQrGHiQOvpL9UgPvtYy6G,https://open.spotify.com/track/2fQrGHiQOvpL9UgPvtYy6G,"[{'danceability': 0.884, 'energy': 0.347, 'key': 8, 'loudness': -8.227, 'mode': 0, 'speechiness': 0.35, 'acousticness': 0.015, 'instrumentalness': 7e-06, 'liveness': 0.0871, 'valence': 0.376, 'tempo': 75.016, 'type': 'audio_features', 'id': '2fQrGHiQOvpL9UgPvtYy6G', 'uri': 'spotify:track:2fQrGHiQOvpL9UgPvtYy6G', 'track_href': 'https://api.spotify.com/v1/tracks/2fQrGHiQOvpL9UgPvtYy6G', 'analysis_url': 'https://api.spotify.com/v1/audio-analysis/2fQrGHiQOvpL9UgPvtYy6G', 'duration_ms': 220307, 'time_signature': 4}]",0.884,0.347,8,-8.227,0,0.35,0.015,7e-06,0.0871,0.376,75.016,audio_features,2fQrGHiQOvpL9UgPvtYy6G,https://api.spotify.com/v1/tracks/2fQrGHiQOvpL9UgPvtYy6G,https://api.spotify.com/v1/audio-analysis/2fQrGHiQOvpL9UgPvtYy6G,220307,4
Sheppard,Geronimo,66,spotify:track:19cL3SOKpwnwoKkII7U3Wh,https://open.spotify.com/track/19cL3SOKpwnwoKkII7U3Wh,"[{'danceability': 0.705, 'energy': 0.78, 'key': 7, 'loudness': -6.267, 'mode': 1, 'speechiness': 0.0805, 'acousticness': 0.456, 'instrumentalness': 0.00152, 'liveness': 0.115, 'valence': 0.457, 'tempo': 142.028, 'type': 'audio_features', 'id': '19cL3SOKpwnwoKkII7U3Wh', 'uri': 'spotify:track:19cL3SOKpwnwoKkII7U3Wh', 'track_href': 'https://api.spotify.com/v1/tracks/19cL3SOKpwnwoKkII7U3Wh', 'analysis_url': 'https://api.spotify.com/v1/audio-analysis/19cL3SOKpwnwoKkII7U3Wh', 'duration_ms': 218228, 'time_signature': 4}]",0.705,0.78,7,-6.267,1,0.0805,0.456,0.00152,0.115,0.457,142.028,audio_features,19cL3SOKpwnwoKkII7U3Wh,https://api.spotify.com/v1/tracks/19cL3SOKpwnwoKkII7U3Wh,https://api.spotify.com/v1/audio-analysis/19cL3SOKpwnwoKkII7U3Wh,218228,4
Taylor Swift,White Horse,44,spotify:track:5yKB8qcTSflDercM2PXwot,https://open.spotify.com/track/5yKB8qcTSflDercM2PXwot,"[{'danceability': 0.585, 'energy': 0.346, 'key': 0, 'loudness': -8.014, 'mode': 1, 'speechiness': 0.0256, 'acousticness': 0.302, 'instrumentalness': 0, 'liveness': 0.102, 'valence': 0.195, 'tempo': 92.564, 'type': 'audio_features', 'id': '5yKB8qcTSflDercM2PXwot', 'uri': 'spotify:track:5yKB8qcTSflDercM2PXwot', 'track_href': 'https://api.spotify.com/v1/tracks/5yKB8qcTSflDercM2PXwot', 'analysis_url': 'https://api.spotify.com/v1/audio-analysis/5yKB8qcTSflDercM2PXwot', 'duration_ms': 234440, 'time_signature': 4}]",0.585,0.346,0,-8.014,1,0.0256,0.302,0.0,0.102,0.195,92.564,audio_features,5yKB8qcTSflDercM2PXwot,https://api.spotify.com/v1/tracks/5yKB8qcTSflDercM2PXwot,https://api.spotify.com/v1/audio-analysis/5yKB8qcTSflDercM2PXwot,234440,4
Taylor Swift,You Are In Love,66,spotify:track:4A2LfnduSTsE8u0ecYROxE,https://open.spotify.com/track/4A2LfnduSTsE8u0ecYROxE,"[{'danceability': 0.474, 'energy': 0.48, 'key': 2, 'loudness': -8.894, 'mode': 1, 'speechiness': 0.0622, 'acousticness': 0.707, 'instrumentalness': 0.000108, 'liveness': 0.0903, 'valence': 0.319, 'tempo': 170.109, 'type': 'audio_features', 'id': '4A2LfnduSTsE8u0ecYROxE', 'uri': 'spotify:track:4A2LfnduSTsE8u0ecYROxE', 'track_href': 'https://api.spotify.com/v1/tracks/4A2LfnduSTsE8u0ecYROxE', 'analysis_url': 'https://api.spotify.com/v1/audio-analysis/4A2LfnduSTsE8u0ecYROxE', 'duration_ms': 267107, 'time_signature': 4}]",0.474,0.48,2,-8.894,1,0.0622,0.707,0.000108,0.0903,0.319,170.109,audio_features,4A2LfnduSTsE8u0ecYROxE,https://api.spotify.com/v1/tracks/4A2LfnduSTsE8u0ecYROxE,https://api.spotify.com/v1/audio-analysis/4A2LfnduSTsE8u0ecYROxE,267107,4
Taylor Swift,White Horse,58,spotify:track:6wn61Fzx9XMxQmieLpoIhW,https://open.spotify.com/track/6wn61Fzx9XMxQmieLpoIhW,"[{'danceability': 0.578, 'energy': 0.34, 'key': 0, 'loudness': -8.027, 'mode': 1, 'speechiness': 0.0264, 'acousticness': 0.305, 'instrumentalness': 0, 'liveness': 0.104, 'valence': 0.223, 'tempo': 92.702, 'type': 'audio_features', 'id': '6wn61Fzx9XMxQmieLpoIhW', 'uri': 'spotify:track:6wn61Fzx9XMxQmieLpoIhW', 'track_href': 'https://api.spotify.com/v1/tracks/6wn61Fzx9XMxQmieLpoIhW', 'analysis_url': 'https://api.spotify.com/v1/audio-analysis/6wn61Fzx9XMxQmieLpoIhW', 'duration_ms': 234427, 'time_signature': 4}]",0.578,0.34,0,-8.027,1,0.0264,0.305,0.0,0.104,0.223,92.702,audio_features,6wn61Fzx9XMxQmieLpoIhW,https://api.spotify.com/v1/tracks/6wn61Fzx9XMxQmieLpoIhW,https://api.spotify.com/v1/audio-analysis/6wn61Fzx9XMxQmieLpoIhW,234427,4
The Pointer Sisters,I'm So Excited,74,spotify:track:1ot6jEe4w4hYnsOPjd3xKQ,https://open.spotify.com/track/1ot6jEe4w4hYnsOPjd3xKQ,"[{'danceability': 0.59, 'energy': 0.868, 'key': 5, 'loudness': -5.832, 'mode': 0, 'speechiness': 0.048, 'acousticness': 0.0962, 'instrumentalness': 0.000322, 'liveness': 0.442, 'valence': 0.798, 'tempo': 184.348, 'type': 'audio_features', 'id': '1ot6jEe4w4hYnsOPjd3xKQ', 'uri': 'spotify:track:1ot6jEe4w4hYnsOPjd3xKQ', 'track_href': 'https://api.spotify.com/v1/tracks/1ot6jEe4w4hYnsOPjd3xKQ', 'analysis_url': 'https://api.spotify.com/v1/audio-analysis/1ot6jEe4w4hYnsOPjd3xKQ', 'duration_ms': 230640, 'time_signature': 4}]",0.59,0.868,5,-5.832,0,0.048,0.0962,0.000322,0.442,0.798,184.348,audio_features,1ot6jEe4w4hYnsOPjd3xKQ,https://api.spotify.com/v1/tracks/1ot6jEe4w4hYnsOPjd3xKQ,https://api.spotify.com/v1/audio-analysis/1ot6jEe4w4hYnsOPjd3xKQ,230640,4
The Bangles,Walk Like an Egyptian,64,spotify:track:1Jwc3ODLQxtbnS8M9TflSP,https://open.spotify.com/track/1Jwc3ODLQxtbnS8M9TflSP,"[{'danceability': 0.724, 'energy': 0.891, 'key': 11, 'loudness': -7.818, 'mode': 1, 'speechiness': 0.0995, 'acousticness': 0.00344, 'instrumentalness': 4.72e-05, 'liveness': 0.3, 'valence': 0.818, 'tempo': 103.022, 'type': 'audio_features', 'id': '1Jwc3ODLQxtbnS8M9TflSP', 'uri': 'spotify:track:1Jwc3ODLQxtbnS8M9TflSP', 'track_href': 'https://api.spotify.com/v1/tracks/1Jwc3ODLQxtbnS8M9TflSP', 'analysis_url': 'https://api.spotify.com/v1/audio-analysis/1Jwc3ODLQxtbnS8M9TflSP', 'duration_ms': 204707, 'time_signature': 4}]",0.724,0.891,11,-7.818,1,0.0995,0.00344,4.72e-05,0.3,0.818,103.022,audio_features,1Jwc3ODLQxtbnS8M9TflSP,https://api.spotify.com/v1/tracks/1Jwc3ODLQxtbnS8M9TflSP,https://api.spotify.com/v1/audio-analysis/1Jwc3ODLQxtbnS8M9TflSP,204707,4
Hanson,MMMBop,0,spotify:track:3fX2kaZoKVFeqaE1BowEiX,https://open.spotify.com/track/3fX2kaZoKVFeqaE1BowEiX,"[{'danceability': 0.69, 'energy': 0.937, 'key': 9, 'loudness': -6.289, 'mode': 1, 'speechiness': 0.0495, 'acousticness': 0.00469, 'instrumentalness': 0.00419, 'liveness': 0.0726, 'valence': 0.626, 'tempo': 104.853, 'type': 'audio_features', 'id': '3fX2kaZoKVFeqaE1BowEiX', 'uri': 'spotify:track:3fX2kaZoKVFeqaE1BowEiX', 'track_href': 'https://api.spotify.com/v1/tracks/3fX2kaZoKVFeqaE1BowEiX', 'analysis_url': 'https://api.spotify.com/v1/audio-analysis/3fX2kaZoKVFeqaE1BowEiX', 'duration_ms': 268627, 'time_signature': 4}]",0.69,0.937,9,-6.289,1,0.0495,0.00469,0.00419,0.0726,0.626,104.853,audio_features,3fX2kaZoKVFeqaE1BowEiX,https://api.spotify.com/v1/tracks/3fX2kaZoKVFeqaE1BowEiX,https://api.spotify.com/v1/audio-analysis/3fX2kaZoKVFeqaE1BowEiX,268627,4
Pearl Jam,Even Flow,46,spotify:track:7A9r5ZkRVuBPzjzY2CGYfS,https://open.spotify.com/track/7A9r5ZkRVuBPzjzY2CGYfS,"[{'danceability': 0.373, 'energy': 0.844, 'key': 7, 'loudness': -4.332, 'mode': 1, 'speechiness': 0.0327, 'acousticness': 0.000109, 'instrumentalness': 7.7e-05, 'liveness': 0.124, 'valence': 0.377, 'tempo': 104.899, 'type': 'audio_features', 'id': '7A9r5ZkRVuBPzjzY2CGYfS', 'uri': 'spotify:track:7A9r5ZkRVuBPzjzY2CGYfS', 'track_href': 'https://api.spotify.com/v1/tracks/7A9r5ZkRVuBPzjzY2CGYfS', 'analysis_url': 'https://api.spotify.com/v1/audio-analysis/7A9r5ZkRVuBPzjzY2CGYfS', 'duration_ms': 303667, 'time_signature': 4}]",0.373,0.844,7,-4.332,1,0.0327,0.000109,7.7e-05,0.124,0.377,104.899,audio_features,7A9r5ZkRVuBPzjzY2CGYfS,https://api.spotify.com/v1/tracks/7A9r5ZkRVuBPzjzY2CGYfS,https://api.spotify.com/v1/audio-analysis/7A9r5ZkRVuBPzjzY2CGYfS,303667,4
Pearl Jam,Even Flow,78,spotify:track:6QewNVIDKdSl8Y3ycuHIei,https://open.spotify.com/track/6QewNVIDKdSl8Y3ycuHIei,"[{'danceability': 0.394, 'energy': 0.944, 'key': 10, 'loudness': -6.506, 'mode': 0, 'speechiness': 0.0761, 'acousticness': 0.00178, 'instrumentalness': 4.54e-06, 'liveness': 0.298, 'valence': 0.265, 'tempo': 105.338, 'type': 'audio_features', 'id': '6QewNVIDKdSl8Y3ycuHIei', 'uri': 'spotify:track:6QewNVIDKdSl8Y3ycuHIei', 'track_href': 'https://api.spotify.com/v1/tracks/6QewNVIDKdSl8Y3ycuHIei', 'analysis_url': 'https://api.spotify.com/v1/audio-analysis/6QewNVIDKdSl8Y3ycuHIei', 'duration_ms': 292581, 'time_signature': 4}]",0.394,0.944,10,-6.506,0,0.0761,0.00178,4.54e-06,0.298,0.265,105.338,audio_features,6QewNVIDKdSl8Y3ycuHIei,https://api.spotify.com/v1/tracks/6QewNVIDKdSl8Y3ycuHIei,https://api.spotify.com/v1/audio-analysis/6QewNVIDKdSl8Y3ycuHIei,292581,4
Alice In Chains,Man in the Box,76,spotify:track:6gZVQvQZOFpzIy3HblJ20F,https://open.spotify.com/track/6gZVQvQZOFpzIy3HblJ20F,"[{'danceability': 0.355, 'energy': 0.791, 'key': 8, 'loudness': -7.565, 'mode': 1, 'speechiness': 0.0453, 'acousticness': 0.00045, 'instrumentalness': 0, 'liveness': 0.0969, 'valence': 0.758, 'tempo': 106.392, 'type': 'audio_features', 'id': '6gZVQvQZOFpzIy3HblJ20F', 'uri': 'spotify:track:6gZVQvQZOFpzIy3HblJ20F', 'track_href': 'https://api.spotify.com/v1/tracks/6gZVQvQZOFpzIy3HblJ20F', 'analysis_url': 'https://api.spotify.com/v1/audio-analysis/6gZVQvQZOFpzIy3HblJ20F', 'duration_ms': 285200, 'time_signature': 4}]",0.355,0.791,8,-7.565,1,0.0453,0.00045,0.0,0.0969,0.758,106.392,audio_features,6gZVQvQZOFpzIy3HblJ20F,https://api.spotify.com/v1/tracks/6gZVQvQZOFpzIy3HblJ20F,https://api.spotify.com/v1/audio-analysis/6gZVQvQZOFpzIy3HblJ20F,285200,4
Pearl Jam,Even Flow,0,spotify:track:7vPnlEkCGmYx2Eier8YBwc,https://open.spotify.com/track/7vPnlEkCGmYx2Eier8YBwc,"[{'danceability': 0.406, 'energy': 0.889, 'key': 10, 'loudness': -9.264, 'mode': 0, 'speechiness': 0.0542, 'acousticness': 0.00619, 'instrumentalness': 4.18e-06, 'liveness': 0.323, 'valence': 0.286, 'tempo': 104.952, 'type': 'audio_features', 'id': '7vPnlEkCGmYx2Eier8YBwc', 'uri': 'spotify:track:7vPnlEkCGmYx2Eier8YBwc', 'track_href': 'https://api.spotify.com/v1/tracks/7vPnlEkCGmYx2Eier8YBwc', 'analysis_url': 'https://api.spotify.com/v1/audio-analysis/7vPnlEkCGmYx2Eier8YBwc', 'duration_ms': 293667, 'time_signature': 4}]",0.406,0.889,10,-9.264,0,0.0542,0.00619,4.18e-06,0.323,0.286,104.952,audio_features,7vPnlEkCGmYx2Eier8YBwc,https://api.spotify.com/v1/tracks/7vPnlEkCGmYx2Eier8YBwc,https://api.spotify.com/v1/audio-analysis/7vPnlEkCGmYx2Eier8YBwc,293667,4
Pantera,Walk,75,spotify:track:7fcfNW0XxTWlwVlftzfDOR,https://open.spotify.com/track/7fcfNW0XxTWlwVlftzfDOR,"[{'danceability': 0.43, 'energy': 0.704, 'key': 1, 'loudness': -8.008, 'mode': 0, 'speechiness': 0.0804, 'acousticness': 0.000155, 'instrumentalness': 0.00221, 'liveness': 0.0933, 'valence': 0.703, 'tempo': 118.242, 'type': 'audio_features', 'id': '7fcfNW0XxTWlwVlftzfDOR', 'uri': 'spotify:track:7fcfNW0XxTWlwVlftzfDOR', 'track_href': 'https://api.spotify.com/v1/tracks/7fcfNW0XxTWlwVlftzfDOR', 'analysis_url': 'https://api.spotify.com/v1/audio-analysis/7fcfNW0XxTWlwVlftzfDOR', 'duration_ms': 315120, 'time_signature': 4}]",0.43,0.704,1,-8.008,0,0.0804,0.000155,0.00221,0.0933,0.703,118.242,audio_features,7fcfNW0XxTWlwVlftzfDOR,https://api.spotify.com/v1/tracks/7fcfNW0XxTWlwVlftzfDOR,https://api.spotify.com/v1/audio-analysis/7fcfNW0XxTWlwVlftzfDOR,315120,4
Alice In Chains,Man in the Box,42,spotify:track:6PvpKM4BW48ic8cbM4Vxcg,https://open.spotify.com/track/6PvpKM4BW48ic8cbM4Vxcg,"[{'danceability': 0.337, 'energy': 0.849, 'key': 8, 'loudness': -4.604, 'mode': 1, 'speechiness': 0.0456, 'acousticness': 0.00136, 'instrumentalness': 0, 'liveness': 0.0904, 'valence': 0.685, 'tempo': 106.395, 'type': 'audio_features', 'id': '6PvpKM4BW48ic8cbM4Vxcg', 'uri': 'spotify:track:6PvpKM4BW48ic8cbM4Vxcg', 'track_href': 'https://api.spotify.com/v1/tracks/6PvpKM4BW48ic8cbM4Vxcg', 'analysis_url': 'https://api.spotify.com/v1/audio-analysis/6PvpKM4BW48ic8cbM4Vxcg', 'duration_ms': 286707, 'time_signature': 4}]",0.337,0.849,8,-4.604,1,0.0456,0.00136,0.0,0.0904,0.685,106.395,audio_features,6PvpKM4BW48ic8cbM4Vxcg,https://api.spotify.com/v1/tracks/6PvpKM4BW48ic8cbM4Vxcg,https://api.spotify.com/v1/audio-analysis/6PvpKM4BW48ic8cbM4Vxcg,286707,4
Hugh Jackman,The Other Side,73,spotify:track:2cKovq3l6OJjhVVDbVKOsr,https://open.spotify.com/track/2cKovq3l6OJjhVVDbVKOsr,"[{'danceability': 0.638, 'energy': 0.795, 'key': 0, 'loudness': -8.45, 'mode': 1, 'speechiness': 0.302, 'acousticness': 0.00433, 'instrumentalness': 0.00139, 'liveness': 0.153, 'valence': 0.31, 'tempo': 153.99, 'type': 'audio_features', 'id': '2cKovq3l6OJjhVVDbVKOsr', 'uri': 'spotify:track:2cKovq3l6OJjhVVDbVKOsr', 'track_href': 'https://api.spotify.com/v1/tracks/2cKovq3l6OJjhVVDbVKOsr', 'analysis_url': 'https://api.spotify.com/v1/audio-analysis/2cKovq3l6OJjhVVDbVKOsr', 'duration_ms': 214373, 'time_signature': 4}]",0.638,0.795,0,-8.45,1,0.302,0.00433,0.00139,0.153,0.31,153.99,audio_features,2cKovq3l6OJjhVVDbVKOsr,https://api.spotify.com/v1/tracks/2cKovq3l6OJjhVVDbVKOsr,https://api.spotify.com/v1/audio-analysis/2cKovq3l6OJjhVVDbVKOsr,214373,4
Maite Perroni,Asi Soy - Mexico Version,40,spotify:track:0MaP6uyxXBAjIe7VLsFP5j,https://open.spotify.com/track/0MaP6uyxXBAjIe7VLsFP5j,"[{'danceability': 0.395, 'energy': 0.681, 'key': 2, 'loudness': -7.712, 'mode': 1, 'speechiness': 0.046, 'acousticness': 0.0324, 'instrumentalness': 0, 'liveness': 0.0878, 'valence': 0.182, 'tempo': 95.943, 'type': 'audio_features', 'id': '0MaP6uyxXBAjIe7VLsFP5j', 'uri': 'spotify:track:0MaP6uyxXBAjIe7VLsFP5j', 'track_href': 'https://api.spotify.com/v1/tracks/0MaP6uyxXBAjIe7VLsFP5j', 'analysis_url': 'https://api.spotify.com/v1/audio-analysis/0MaP6uyxXBAjIe7VLsFP5j', 'duration_ms': 235600, 'time_signature': 4}]",0.395,0.681,2,-7.712,1,0.046,0.0324,0.0,0.0878,0.182,95.943,audio_features,0MaP6uyxXBAjIe7VLsFP5j,https://api.spotify.com/v1/tracks/0MaP6uyxXBAjIe7VLsFP5j,https://api.spotify.com/v1/audio-analysis/0MaP6uyxXBAjIe7VLsFP5j,235600,4
Drake,One Dance,86,spotify:track:1zi7xx7UVEFkmKfv06H8x0,https://open.spotify.com/track/1zi7xx7UVEFkmKfv06H8x0,"[{'danceability': 0.792, 'energy': 0.625, 'key': 1, 'loudness': -5.609, 'mode': 1, 'speechiness': 0.0536, 'acousticness': 0.00776, 'instrumentalness': 0.0018, 'liveness': 0.329, 'valence': 0.37, 'tempo': 103.967, 'type': 'audio_features', 'id': '1zi7xx7UVEFkmKfv06H8x0', 'uri': 'spotify:track:1zi7xx7UVEFkmKfv06H8x0', 'track_href': 'https://api.spotify.com/v1/tracks/1zi7xx7UVEFkmKfv06H8x0', 'analysis_url': 'https://api.spotify.com/v1/audio-analysis/1zi7xx7UVEFkmKfv06H8x0', 'duration_ms': 173987, 'time_signature': 4}]",0.792,0.625,1,-5.609,1,0.0536,0.00776,0.0018,0.329,0.37,103.967,audio_features,1zi7xx7UVEFkmKfv06H8x0,https://api.spotify.com/v1/tracks/1zi7xx7UVEFkmKfv06H8x0,https://api.spotify.com/v1/audio-analysis/1zi7xx7UVEFkmKfv06H8x0,173987,4
Tim McGraw,Indian Outlaw,63,spotify:track:1fYypIR0kaFzaSRbzvtjl9,https://open.spotify.com/track/1fYypIR0kaFzaSRbzvtjl9,"[{'danceability': 0.664, 'energy': 0.739, 'key': 9, 'loudness': -7.229, 'mode': 1, 'speechiness': 0.0415, 'acousticness': 0.0364, 'instrumentalness': 4.99e-05, 'liveness': 0.282, 'valence': 0.759, 'tempo': 110.101, 'type': 'audio_features', 'id': '1fYypIR0kaFzaSRbzvtjl9', 'uri': 'spotify:track:1fYypIR0kaFzaSRbzvtjl9', 'track_href': 'https://api.spotify.com/v1/tracks/1fYypIR0kaFzaSRbzvtjl9', 'analysis_url': 'https://api.spotify.com/v1/audio-analysis/1fYypIR0kaFzaSRbzvtjl9', 'duration_ms': 182120, 'time_signature': 4}]",0.664,0.739,9,-7.229,1,0.0415,0.0364,4.99e-05,0.282,0.759,110.101,audio_features,1fYypIR0kaFzaSRbzvtjl9,https://api.spotify.com/v1/tracks/1fYypIR0kaFzaSRbzvtjl9,https://api.spotify.com/v1/audio-analysis/1fYypIR0kaFzaSRbzvtjl9,182120,4
Bill Conti,"Gonna Fly Now - Theme From ""Rocky"" / Remastered 2006",60,spotify:track:5dulYd9AKIprMoF837OTDb,https://open.spotify.com/track/5dulYd9AKIprMoF837OTDb,"[{'danceability': 0.438, 'energy': 0.812, 'key': 0, 'loudness': -3.7, 'mode': 1, 'speechiness': 0.0377, 'acousticness': 0.499, 'instrumentalness': 0.768, 'liveness': 0.0444, 'valence': 0.465, 'tempo': 95.613, 'type': 'audio_features', 'id': '5dulYd9AKIprMoF837OTDb', 'uri': 'spotify:track:5dulYd9AKIprMoF837OTDb', 'track_href': 'https://api.spotify.com/v1/tracks/5dulYd9AKIprMoF837OTDb', 'analysis_url': 'https://api.spotify.com/v1/audio-analysis/5dulYd9AKIprMoF837OTDb', 'duration_ms': 168027, 'time_signature': 4}]",0.438,0.812,0,-3.7,1,0.0377,0.499,0.768,0.0444,0.465,95.613,audio_features,5dulYd9AKIprMoF837OTDb,https://api.spotify.com/v1/tracks/5dulYd9AKIprMoF837OTDb,https://api.spotify.com/v1/audio-analysis/5dulYd9AKIprMoF837OTDb,168027,4
Fall Out Boy,My Songs Know What You Did In The Dark (Light Em Up),65,spotify:track:7s0lDK7y3XLmI7tcsRAbW0,https://open.spotify.com/track/7s0lDK7y3XLmI7tcsRAbW0,"[{'danceability': 0.558, 'energy': 0.924, 'key': 9, 'loudness': -4.341, 'mode': 0, 'speechiness': 0.064, 'acousticness': 0.0271, 'instrumentalness': 3.32e-06, 'liveness': 0.537, 'valence': 0.567, 'tempo': 151.99, 'type': 'audio_features', 'id': '7s0lDK7y3XLmI7tcsRAbW0', 'uri': 'spotify:track:7s0lDK7y3XLmI7tcsRAbW0', 'track_href': 'https://api.spotify.com/v1/tracks/7s0lDK7y3XLmI7tcsRAbW0', 'analysis_url': 'https://api.spotify.com/v1/audio-analysis/7s0lDK7y3XLmI7tcsRAbW0', 'duration_ms': 186827, 'time_signature': 4}]",0.558,0.924,9,-4.341,0,0.064,0.0271,3.32e-06,0.537,0.567,151.99,audio_features,7s0lDK7y3XLmI7tcsRAbW0,https://api.spotify.com/v1/tracks/7s0lDK7y3XLmI7tcsRAbW0,https://api.spotify.com/v1/audio-analysis/7s0lDK7y3XLmI7tcsRAbW0,186827,4
Jason Aldean,You Make It Easy,62,spotify:track:2ZxTjs4EdJl4Y9YByIiNoo,https://open.spotify.com/track/2ZxTjs4EdJl4Y9YByIiNoo,"[{'danceability': 0.375, 'energy': 0.574, 'key': 7, 'loudness': -5.305, 'mode': 1, 'speechiness': 0.0315, 'acousticness': 0.143, 'instrumentalness': 0, 'liveness': 0.11, 'valence': 0.406, 'tempo': 132.025, 'type': 'audio_features', 'id': '2ZxTjs4EdJl4Y9YByIiNoo', 'uri': 'spotify:track:2ZxTjs4EdJl4Y9YByIiNoo', 'track_href': 'https://api.spotify.com/v1/tracks/2ZxTjs4EdJl4Y9YByIiNoo', 'analysis_url': 'https://api.spotify.com/v1/audio-analysis/2ZxTjs4EdJl4Y9YByIiNoo', 'duration_ms': 196800, 'time_signature': 3}]",0.375,0.574,7,-5.305,1,0.0315,0.143,0.0,0.11,0.406,132.025,audio_features,2ZxTjs4EdJl4Y9YByIiNoo,https://api.spotify.com/v1/tracks/2ZxTjs4EdJl4Y9YByIiNoo,https://api.spotify.com/v1/audio-analysis/2ZxTjs4EdJl4Y9YByIiNoo,196800,3
Nat King Cole,The Christmas Song (Merry Christmas To You) - Remastered 1999,0,spotify:track:6NMz3Cjvod2qnJjakiRDA8,https://open.spotify.com/track/6NMz3Cjvod2qnJjakiRDA8,"[{'danceability': 0.381, 'energy': 0.141, 'key': 1, 'loudness': -15.439, 'mode': 1, 'speechiness': 0.0384, 'acousticness': 0.857, 'instrumentalness': 1.13e-06, 'liveness': 0.0995, 'valence': 0.18, 'tempo': 131.76, 'type': 'audio_features', 'id': '6NMz3Cjvod2qnJjakiRDA8', 'uri': 'spotify:track:6NMz3Cjvod2qnJjakiRDA8', 'track_href': 'https://api.spotify.com/v1/tracks/6NMz3Cjvod2qnJjakiRDA8', 'analysis_url': 'https://api.spotify.com/v1/audio-analysis/6NMz3Cjvod2qnJjakiRDA8', 'duration_ms': 191640, 'time_signature': 4}]",0.381,0.141,1,-15.439,1,0.0384,0.857,1.13e-06,0.0995,0.18,131.76,audio_features,6NMz3Cjvod2qnJjakiRDA8,https://api.spotify.com/v1/tracks/6NMz3Cjvod2qnJjakiRDA8,https://api.spotify.com/v1/audio-analysis/6NMz3Cjvod2qnJjakiRDA8,191640,4
21 Savage,Bank Account,0,spotify:track:675NeQd7AKLNLzXFqZtF51,https://open.spotify.com/track/675NeQd7AKLNLzXFqZtF51,"[{'danceability': 0.881, 'energy': 0.336, 'key': 8, 'loudness': -8.734, 'mode': 0, 'speechiness': 0.352, 'acousticness': 0.0223, 'instrumentalness': 2.39e-05, 'liveness': 0.093, 'valence': 0.342, 'tempo': 75.025, 'type': 'audio_features', 'id': '675NeQd7AKLNLzXFqZtF51', 'uri': 'spotify:track:675NeQd7AKLNLzXFqZtF51', 'track_href': 'https://api.spotify.com/v1/tracks/675NeQd7AKLNLzXFqZtF51', 'analysis_url': 'https://api.spotify.com/v1/audio-analysis/675NeQd7AKLNLzXFqZtF51', 'duration_ms': 220307, 'time_signature': 4}]",0.881,0.336,8,-8.734,0,0.352,0.0223,2.39e-05,0.093,0.342,75.025,audio_features,675NeQd7AKLNLzXFqZtF51,https://api.spotify.com/v1/tracks/675NeQd7AKLNLzXFqZtF51,https://api.spotify.com/v1/audio-analysis/675NeQd7AKLNLzXFqZtF51,220307,4
Charlie Brown,Mountian Railway,0,spotify:track:31muDd0aFMolFil99Qy2qr,https://open.spotify.com/track/31muDd0aFMolFil99Qy2qr,"[{'danceability': 0.574, 'energy': 0.474, 'key': 7, 'loudness': -12.682, 'mode': 1, 'speechiness': 0.0294, 'acousticness': 0.505, 'instrumentalness': 0, 'liveness': 0.109, 'valence': 0.835, 'tempo': 124.465, 'type': 'audio_features', 'id': '31muDd0aFMolFil99Qy2qr', 'uri': 'spotify:track:31muDd0aFMolFil99Qy2qr', 'track_href': 'https://api.spotify.com/v1/tracks/31muDd0aFMolFil99Qy2qr', 'analysis_url': 'https://api.spotify.com/v1/audio-analysis/31muDd0aFMolFil99Qy2qr', 'duration_ms': 310280, 'time_signature': 4}]",0.574,0.474,7,-12.682,1,0.0294,0.505,0.0,0.109,0.835,124.465,audio_features,31muDd0aFMolFil99Qy2qr,https://api.spotify.com/v1/tracks/31muDd0aFMolFil99Qy2qr,https://api.spotify.com/v1/audio-analysis/31muDd0aFMolFil99Qy2qr,310280,4
Anne-Marie,2002,83,spotify:track:2BgEsaKNfHUdlh97KmvFyo,https://open.spotify.com/track/2BgEsaKNfHUdlh97KmvFyo,"[{'danceability': 0.697, 'energy': 0.683, 'key': 1, 'loudness': -2.881, 'mode': 0, 'speechiness': 0.117, 'acousticness': 0.0372, 'instrumentalness': 0, 'liveness': 0.137, 'valence': 0.603, 'tempo': 96.133, 'type': 'audio_features', 'id': '2BgEsaKNfHUdlh97KmvFyo', 'uri': 'spotify:track:2BgEsaKNfHUdlh97KmvFyo', 'track_href': 'https://api.spotify.com/v1/tracks/2BgEsaKNfHUdlh97KmvFyo', 'analysis_url': 'https://api.spotify.com/v1/audio-analysis/2BgEsaKNfHUdlh97KmvFyo', 'duration_ms': 186987, 'time_signature': 4}]",0.697,0.683,1,-2.881,0,0.117,0.0372,0.0,0.137,0.603,96.133,audio_features,2BgEsaKNfHUdlh97KmvFyo,https://api.spotify.com/v1/tracks/2BgEsaKNfHUdlh97KmvFyo,https://api.spotify.com/v1/audio-analysis/2BgEsaKNfHUdlh97KmvFyo,186987,4
Twenty One Pilots,Ride,83,spotify:track:2Z8WuEywRWYTKe1NybPQEW,https://open.spotify.com/track/2Z8WuEywRWYTKe1NybPQEW,"[{'danceability': 0.645, 'energy': 0.713, 'key': 6, 'loudness': -5.355, 'mode': 1, 'speechiness': 0.0393, 'acousticness': 0.00835, 'instrumentalness': 0, 'liveness': 0.113, 'valence': 0.566, 'tempo': 74.989, 'type': 'audio_features', 'id': '2Z8WuEywRWYTKe1NybPQEW', 'uri': 'spotify:track:2Z8WuEywRWYTKe1NybPQEW', 'track_href': 'https://api.spotify.com/v1/tracks/2Z8WuEywRWYTKe1NybPQEW', 'analysis_url': 'https://api.spotify.com/v1/audio-analysis/2Z8WuEywRWYTKe1NybPQEW', 'duration_ms': 214507, 'time_signature': 4}]",0.645,0.713,6,-5.355,1,0.0393,0.00835,0.0,0.113,0.566,74.989,audio_features,2Z8WuEywRWYTKe1NybPQEW,https://api.spotify.com/v1/tracks/2Z8WuEywRWYTKe1NybPQEW,https://api.spotify.com/v1/audio-analysis/2Z8WuEywRWYTKe1NybPQEW,214507,4
Jason Derulo,The Other Side,61,spotify:track:5FljCWR0cys07PQ9277GTz,https://open.spotify.com/track/5FljCWR0cys07PQ9277GTz,"[{'danceability': 0.561, 'energy': 0.836, 'key': 9, 'loudness': -3.939, 'mode': 1, 'speechiness': 0.1, 'acousticness': 0.0525, 'instrumentalness': 0, 'liveness': 0.136, 'valence': 0.517, 'tempo': 127.923, 'type': 'audio_features', 'id': '5FljCWR0cys07PQ9277GTz', 'uri': 'spotify:track:5FljCWR0cys07PQ9277GTz', 'track_href': 'https://api.spotify.com/v1/tracks/5FljCWR0cys07PQ9277GTz', 'analysis_url': 'https://api.spotify.com/v1/audio-analysis/5FljCWR0cys07PQ9277GTz', 'duration_ms': 226987, 'time_signature': 4}]",0.561,0.836,9,-3.939,1,0.1,0.0525,0.0,0.136,0.517,127.923,audio_features,5FljCWR0cys07PQ9277GTz,https://api.spotify.com/v1/tracks/5FljCWR0cys07PQ9277GTz,https://api.spotify.com/v1/audio-analysis/5FljCWR0cys07PQ9277GTz,226987,4
The Pussycat Dolls,When I Grow Up,0,spotify:track:7aKOynv41IGU8uiXmpz7ok,https://open.spotify.com/track/7aKOynv41IGU8uiXmpz7ok,"[{'danceability': 0.673, 'energy': 0.686, 'key': 11, 'loudness': -5.745, 'mode': 0, 'speechiness': 0.0454, 'acousticness': 0.00154, 'instrumentalness': 0, 'liveness': 0.382, 'valence': 0.34, 'tempo': 118.43, 'type': 'audio_features', 'id': '7aKOynv41IGU8uiXmpz7ok', 'uri': 'spotify:track:7aKOynv41IGU8uiXmpz7ok', 'track_href': 'https://api.spotify.com/v1/tracks/7aKOynv41IGU8uiXmpz7ok', 'analysis_url': 'https://api.spotify.com/v1/audio-analysis/7aKOynv41IGU8uiXmpz7ok', 'duration_ms': 245680, 'time_signature': 4}]",0.673,0.686,11,-5.745,0,0.0454,0.00154,0.0,0.382,0.34,118.43,audio_features,7aKOynv41IGU8uiXmpz7ok,https://api.spotify.com/v1/tracks/7aKOynv41IGU8uiXmpz7ok,https://api.spotify.com/v1/audio-analysis/7aKOynv41IGU8uiXmpz7ok,245680,4
Sufjan Stevens,Death with Dignity,0,spotify:track:4fpEuKIzTLmMJnYwFU0oqr,https://open.spotify.com/track/4fpEuKIzTLmMJnYwFU0oqr,"[{'danceability': 0.51, 'energy': 0.16, 'key': 4, 'loudness': -21.03, 'mode': 1, 'speechiness': 0.0395, 'acousticness': 0.986, 'instrumentalness': 0.017, 'liveness': 0.113, 'valence': 0.383, 'tempo': 170.063, 'type': 'audio_features', 'id': '4fpEuKIzTLmMJnYwFU0oqr', 'uri': 'spotify:track:4fpEuKIzTLmMJnYwFU0oqr', 'track_href': 'https://api.spotify.com/v1/tracks/4fpEuKIzTLmMJnYwFU0oqr', 'analysis_url': 'https://api.spotify.com/v1/audio-analysis/4fpEuKIzTLmMJnYwFU0oqr', 'duration_ms': 239508, 'time_signature': 4}]",0.51,0.16,4,-21.03,1,0.0395,0.986,0.017,0.113,0.383,170.063,audio_features,4fpEuKIzTLmMJnYwFU0oqr,https://api.spotify.com/v1/tracks/4fpEuKIzTLmMJnYwFU0oqr,https://api.spotify.com/v1/audio-analysis/4fpEuKIzTLmMJnYwFU0oqr,239508,4
HRVY,Hasta Luego,52,spotify:track:0fBP9n1mUM2Ur7LUPq8MVn,https://open.spotify.com/track/0fBP9n1mUM2Ur7LUPq8MVn,"[{'danceability': 0.604, 'energy': 0.908, 'key': 0, 'loudness': -3.067, 'mode': 1, 'speechiness': 0.0522, 'acousticness': 0.0178, 'instrumentalness': 0, 'liveness': 0.386, 'valence': 0.853, 'tempo': 102.051, 'type': 'audio_features', 'id': '0fBP9n1mUM2Ur7LUPq8MVn', 'uri': 'spotify:track:0fBP9n1mUM2Ur7LUPq8MVn', 'track_href': 'https://api.spotify.com/v1/tracks/0fBP9n1mUM2Ur7LUPq8MVn', 'analysis_url': 'https://api.spotify.com/v1/audio-analysis/0fBP9n1mUM2Ur7LUPq8MVn', 'duration_ms': 147013, 'time_signature': 4}]",0.604,0.908,0,-3.067,1,0.0522,0.0178,0.0,0.386,0.853,102.051,audio_features,0fBP9n1mUM2Ur7LUPq8MVn,https://api.spotify.com/v1/tracks/0fBP9n1mUM2Ur7LUPq8MVn,https://api.spotify.com/v1/audio-analysis/0fBP9n1mUM2Ur7LUPq8MVn,147013,4
BÃ˜RNS,Electric Love,82,spotify:track:2GiJYvgVaD2HtM8GqD9EgQ,https://open.spotify.com/track/2GiJYvgVaD2HtM8GqD9EgQ,"[{'danceability': 0.611, 'energy': 0.797, 'key': 6, 'loudness': -7.627, 'mode': 0, 'speechiness': 0.0533, 'acousticness': 0.00543, 'instrumentalness': 0.00137, 'liveness': 0.26, 'valence': 0.518, 'tempo': 120.041, 'type': 'audio_features', 'id': '2GiJYvgVaD2HtM8GqD9EgQ', 'uri': 'spotify:track:2GiJYvgVaD2HtM8GqD9EgQ', 'track_href': 'https://api.spotify.com/v1/tracks/2GiJYvgVaD2HtM8GqD9EgQ', 'analysis_url': 'https://api.spotify.com/v1/audio-analysis/2GiJYvgVaD2HtM8GqD9EgQ', 'duration_ms': 218107, 'time_signature': 4}]",0.611,0.797,6,-7.627,0,0.0533,0.00543,0.00137,0.26,0.518,120.041,audio_features,2GiJYvgVaD2HtM8GqD9EgQ,https://api.spotify.com/v1/tracks/2GiJYvgVaD2HtM8GqD9EgQ,https://api.spotify.com/v1/audio-analysis/2GiJYvgVaD2HtM8GqD9EgQ,218107,4
Beni Fahr,Not OK,5,spotify:track:5jKUjeuQGLaGt4ZsC1QU34,https://open.spotify.com/track/5jKUjeuQGLaGt4ZsC1QU34,"[{'danceability': 0.583, 'energy': 0.522, 'key': 8, 'loudness': -12.381, 'mode': 0, 'speechiness': 0.0648, 'acousticness': 0.0664, 'instrumentalness': 1.1e-06, 'liveness': 0.103, 'valence': 0.448, 'tempo': 150.121, 'type': 'audio_features', 'id': '5jKUjeuQGLaGt4ZsC1QU34', 'uri': 'spotify:track:5jKUjeuQGLaGt4ZsC1QU34', 'track_href': 'https://api.spotify.com/v1/tracks/5jKUjeuQGLaGt4ZsC1QU34', 'analysis_url': 'https://api.spotify.com/v1/audio-analysis/5jKUjeuQGLaGt4ZsC1QU34', 'duration_ms': 193600, 'time_signature': 4}]",0.583,0.522,8,-12.381,0,0.0648,0.0664,1.1e-06,0.103,0.448,150.121,audio_features,5jKUjeuQGLaGt4ZsC1QU34,https://api.spotify.com/v1/tracks/5jKUjeuQGLaGt4ZsC1QU34,https://api.spotify.com/v1/audio-analysis/5jKUjeuQGLaGt4ZsC1QU34,193600,4
HRVY,High,0,spotify:track:21LkUKDKRwLt5fijTbHPx6,https://open.spotify.com/track/21LkUKDKRwLt5fijTbHPx6,"[{'danceability': 0.623, 'energy': 0.762, 'key': 9, 'loudness': -4.574, 'mode': 1, 'speechiness': 0.0971, 'acousticness': 0.059, 'instrumentalness': 0, 'liveness': 0.0944, 'valence': 0.504, 'tempo': 101.866, 'type': 'audio_features', 'id': '21LkUKDKRwLt5fijTbHPx6', 'uri': 'spotify:track:21LkUKDKRwLt5fijTbHPx6', 'track_href': 'https://api.spotify.com/v1/tracks/21LkUKDKRwLt5fijTbHPx6', 'analysis_url': 'https://api.spotify.com/v1/audio-analysis/21LkUKDKRwLt5fijTbHPx6', 'duration_ms': 218493, 'time_signature': 4}]",0.623,0.762,9,-4.574,1,0.0971,0.059,0.0,0.0944,0.504,101.866,audio_features,21LkUKDKRwLt5fijTbHPx6,https://api.spotify.com/v1/tracks/21LkUKDKRwLt5fijTbHPx6,https://api.spotify.com/v1/audio-analysis/21LkUKDKRwLt5fijTbHPx6,218493,4
Seven Bucks,The Song Of The Summer,0,spotify:track:4ml5byYLNEQkWD245BiPKK,https://open.spotify.com/track/4ml5byYLNEQkWD245BiPKK,"[{'danceability': 0.625, 'energy': 0.753, 'key': 6, 'loudness': -3.719, 'mode': 1, 'speechiness': 0.168, 'acousticness': 0.279, 'instrumentalness': 2.63e-06, 'liveness': 0.14, 'valence': 0.492, 'tempo': 125.118, 'type': 'audio_features', 'id': '4ml5byYLNEQkWD245BiPKK', 'uri': 'spotify:track:4ml5byYLNEQkWD245BiPKK', 'track_href': 'https://api.spotify.com/v1/tracks/4ml5byYLNEQkWD245BiPKK', 'analysis_url': 'https://api.spotify.com/v1/audio-analysis/4ml5byYLNEQkWD245BiPKK', 'duration_ms': 288113, 'time_signature': 4}]",0.625,0.753,6,-3.719,1,0.168,0.279,2.63e-06,0.14,0.492,125.118,audio_features,4ml5byYLNEQkWD245BiPKK,https://api.spotify.com/v1/tracks/4ml5byYLNEQkWD245BiPKK,https://api.spotify.com/v1/audio-analysis/4ml5byYLNEQkWD245BiPKK,288113,4
Jonah Marais,I Meant It,22,spotify:track:1cEgH8cd6b7EXqm6xg8nKn,https://open.spotify.com/track/1cEgH8cd6b7EXqm6xg8nKn,"[{'danceability': 0.65, 'energy': 0.403, 'key': 10, 'loudness': -9.763, 'mode': 1, 'speechiness': 0.0274, 'acousticness': 0.0322, 'instrumentalness': 9.89e-05, 'liveness': 0.113, 'valence': 0.276, 'tempo': 133.983, 'type': 'audio_features', 'id': '1cEgH8cd6b7EXqm6xg8nKn', 'uri': 'spotify:track:1cEgH8cd6b7EXqm6xg8nKn', 'track_href': 'https://api.spotify.com/v1/tracks/1cEgH8cd6b7EXqm6xg8nKn', 'analysis_url': 'https://api.spotify.com/v1/audio-analysis/1cEgH8cd6b7EXqm6xg8nKn', 'duration_ms': 241791, 'time_signature': 4}]",0.65,0.403,10,-9.763,1,0.0274,0.0322,9.89e-05,0.113,0.276,133.983,audio_features,1cEgH8cd6b7EXqm6xg8nKn,https://api.spotify.com/v1/tracks/1cEgH8cd6b7EXqm6xg8nKn,https://api.spotify.com/v1/audio-analysis/1cEgH8cd6b7EXqm6xg8nKn,241791,4
Bruno Mars,Straight up & Down,61,spotify:track:2mrZYZGmPFV3QOyYPZ1zsn,https://open.spotify.com/track/2mrZYZGmPFV3QOyYPZ1zsn,"[{'danceability': 0.552, 'energy': 0.733, 'key': 3, 'loudness': -6.898, 'mode': 0, 'speechiness': 0.0933, 'acousticness': 0.0209, 'instrumentalness': 0, 'liveness': 0.0858, 'valence': 0.643, 'tempo': 143.56, 'type': 'audio_features', 'id': '2mrZYZGmPFV3QOyYPZ1zsn', 'uri': 'spotify:track:2mrZYZGmPFV3QOyYPZ1zsn', 'track_href': 'https://api.spotify.com/v1/tracks/2mrZYZGmPFV3QOyYPZ1zsn', 'analysis_url': 'https://api.spotify.com/v1/audio-analysis/2mrZYZGmPFV3QOyYPZ1zsn', 'duration_ms': 198187, 'time_signature': 4}]",0.552,0.733,3,-6.898,0,0.0933,0.0209,0.0,0.0858,0.643,143.56,audio_features,2mrZYZGmPFV3QOyYPZ1zsn,https://api.spotify.com/v1/tracks/2mrZYZGmPFV3QOyYPZ1zsn,https://api.spotify.com/v1/audio-analysis/2mrZYZGmPFV3QOyYPZ1zsn,198187,4
Ramz,Barking,67,spotify:track:2U5cq89GCnsR1yixKkC8d5,https://open.spotify.com/track/2U5cq89GCnsR1yixKkC8d5,"[{'danceability': 0.45, 'energy': 0.465, 'key': 7, 'loudness': -7.867, 'mode': 0, 'speechiness': 0.268, 'acousticness': 0.185, 'instrumentalness': 0, 'liveness': 0.0782, 'valence': 0.788, 'tempo': 70.231, 'type': 'audio_features', 'id': '2U5cq89GCnsR1yixKkC8d5', 'uri': 'spotify:track:2U5cq89GCnsR1yixKkC8d5', 'track_href': 'https://api.spotify.com/v1/tracks/2U5cq89GCnsR1yixKkC8d5', 'analysis_url': 'https://api.spotify.com/v1/audio-analysis/2U5cq89GCnsR1yixKkC8d5', 'duration_ms': 202827, 'time_signature': 3}]",0.45,0.465,7,-7.867,0,0.268,0.185,0.0,0.0782,0.788,70.231,audio_features,2U5cq89GCnsR1yixKkC8d5,https://api.spotify.com/v1/tracks/2U5cq89GCnsR1yixKkC8d5,https://api.spotify.com/v1/audio-analysis/2U5cq89GCnsR1yixKkC8d5,202827,3
Sabrina Carpenter,Why - Acoustic,34,spotify:track:5XdU66WYiYmqe1mBPepVAQ,https://open.spotify.com/track/5XdU66WYiYmqe1mBPepVAQ,"[{'danceability': 0.619, 'energy': 0.448, 'key': 10, 'loudness': -5.314, 'mode': 0, 'speechiness': 0.0423, 'acousticness': 0.588, 'instrumentalness': 6.66e-06, 'liveness': 0.128, 'valence': 0.718, 'tempo': 93.026, 'type': 'audio_features', 'id': '5XdU66WYiYmqe1mBPepVAQ', 'uri': 'spotify:track:5XdU66WYiYmqe1mBPepVAQ', 'track_href': 'https://api.spotify.com/v1/tracks/5XdU66WYiYmqe1mBPepVAQ', 'analysis_url': 'https://api.spotify.com/v1/audio-analysis/5XdU66WYiYmqe1mBPepVAQ', 'duration_ms': 184500, 'time_signature': 4}]",0.619,0.448,10,-5.314,0,0.0423,0.588,6.66e-06,0.128,0.718,93.026,audio_features,5XdU66WYiYmqe1mBPepVAQ,https://api.spotify.com/v1/tracks/5XdU66WYiYmqe1mBPepVAQ,https://api.spotify.com/v1/audio-analysis/5XdU66WYiYmqe1mBPepVAQ,184500,4
Blue October,Into The Ocean,60,spotify:track:2SiqlgLMfKQbczSMRp8drY,https://open.spotify.com/track/2SiqlgLMfKQbczSMRp8drY,"[{'danceability': 0.758, 'energy': 0.606, 'key': 0, 'loudness': -6.444, 'mode': 1, 'speechiness': 0.0325, 'acousticness': 0.282, 'instrumentalness': 0, 'liveness': 0.144, 'valence': 0.361, 'tempo': 107.95, 'type': 'audio_features', 'id': '2SiqlgLMfKQbczSMRp8drY', 'uri': 'spotify:track:2SiqlgLMfKQbczSMRp8drY', 'track_href': 'https://api.spotify.com/v1/tracks/2SiqlgLMfKQbczSMRp8drY', 'analysis_url': 'https://api.spotify.com/v1/audio-analysis/2SiqlgLMfKQbczSMRp8drY', 'duration_ms': 239947, 'time_signature': 4}]",0.758,0.606,0,-6.444,1,0.0325,0.282,0.0,0.144,0.361,107.95,audio_features,2SiqlgLMfKQbczSMRp8drY,https://api.spotify.com/v1/tracks/2SiqlgLMfKQbczSMRp8drY,https://api.spotify.com/v1/audio-analysis/2SiqlgLMfKQbczSMRp8drY,239947,4
The Cure,Lovesong - 2010 Remaster,64,spotify:track:0X5C4WjQNubRysTkHOubz3,https://open.spotify.com/track/0X5C4WjQNubRysTkHOubz3,"[{'danceability': 0.611, 'energy': 0.813, 'key': 9, 'loudness': -7.689, 'mode': 0, 'speechiness': 0.0279, 'acousticness': 0.339, 'instrumentalness': 0.898, 'liveness': 0.224, 'valence': 0.821, 'tempo': 140.112, 'type': 'audio_features', 'id': '0X5C4WjQNubRysTkHOubz3', 'uri': 'spotify:track:0X5C4WjQNubRysTkHOubz3', 'track_href': 'https://api.spotify.com/v1/tracks/0X5C4WjQNubRysTkHOubz3', 'analysis_url': 'https://api.spotify.com/v1/audio-analysis/0X5C4WjQNubRysTkHOubz3', 'duration_ms': 209573, 'time_signature': 4}]",0.611,0.813,9,-7.689,0,0.0279,0.339,0.898,0.224,0.821,140.112,audio_features,0X5C4WjQNubRysTkHOubz3,https://api.spotify.com/v1/tracks/0X5C4WjQNubRysTkHOubz3,https://api.spotify.com/v1/audio-analysis/0X5C4WjQNubRysTkHOubz3,209573,4
Blue October,Bleed Out,0,spotify:track:6uhwUETYlW4FUF8ZU7PEMD,https://open.spotify.com/track/6uhwUETYlW4FUF8ZU7PEMD,"[{'danceability': 0.437, 'energy': 0.803, 'key': 3, 'loudness': -6.495, 'mode': 1, 'speechiness': 0.0579, 'acousticness': 0.0484, 'instrumentalness': 1.78e-05, 'liveness': 0.0648, 'valence': 0.203, 'tempo': 142.052, 'type': 'audio_features', 'id': '6uhwUETYlW4FUF8ZU7PEMD', 'uri': 'spotify:track:6uhwUETYlW4FUF8ZU7PEMD', 'track_href': 'https://api.spotify.com/v1/tracks/6uhwUETYlW4FUF8ZU7PEMD', 'analysis_url': 'https://api.spotify.com/v1/audio-analysis/6uhwUETYlW4FUF8ZU7PEMD', 'duration_ms': 234853, 'time_signature': 4}]",0.437,0.803,3,-6.495,1,0.0579,0.0484,1.78e-05,0.0648,0.203,142.052,audio_features,6uhwUETYlW4FUF8ZU7PEMD,https://api.spotify.com/v1/tracks/6uhwUETYlW4FUF8ZU7PEMD,https://api.spotify.com/v1/audio-analysis/6uhwUETYlW4FUF8ZU7PEMD,234853,4
Wild Party,OutRight,0,spotify:track:5KPhXnCzKHQZZFvXSgeIyE,https://open.spotify.com/track/5KPhXnCzKHQZZFvXSgeIyE,"[{'danceability': 0.535, 'energy': 0.821, 'key': 2, 'loudness': -4.997, 'mode': 1, 'speechiness': 0.0621, 'acousticness': 0.000821, 'instrumentalness': 0, 'liveness': 0.0438, 'valence': 0.534, 'tempo': 148.08, 'type': 'audio_features', 'id': '5KPhXnCzKHQZZFvXSgeIyE', 'uri': 'spotify:track:5KPhXnCzKHQZZFvXSgeIyE', 'track_href': 'https://api.spotify.com/v1/tracks/5KPhXnCzKHQZZFvXSgeIyE', 'analysis_url': 'https://api.spotify.com/v1/audio-analysis/5KPhXnCzKHQZZFvXSgeIyE', 'duration_ms': 162453, 'time_signature': 4}]",0.535,0.821,2,-4.997,1,0.0621,0.000821,0.0,0.0438,0.534,148.08,audio_features,5KPhXnCzKHQZZFvXSgeIyE,https://api.spotify.com/v1/tracks/5KPhXnCzKHQZZFvXSgeIyE,https://api.spotify.com/v1/audio-analysis/5KPhXnCzKHQZZFvXSgeIyE,162453,4
Rudimental,Lay It All on Me (feat. Ed Sheeran),51,spotify:track:38ismoqQYn75ruDSQ2Jtx8,https://open.spotify.com/track/38ismoqQYn75ruDSQ2Jtx8,"[{'danceability': 0.669, 'energy': 0.747, 'key': 6, 'loudness': -7.108, 'mode': 1, 'speechiness': 0.0428, 'acousticness': 0.141, 'instrumentalness': 0, 'liveness': 0.185, 'valence': 0.483, 'tempo': 122.531, 'type': 'audio_features', 'id': '38ismoqQYn75ruDSQ2Jtx8', 'uri': 'spotify:track:38ismoqQYn75ruDSQ2Jtx8', 'track_href': 'https://api.spotify.com/v1/tracks/38ismoqQYn75ruDSQ2Jtx8', 'analysis_url': 'https://api.spotify.com/v1/audio-analysis/38ismoqQYn75ruDSQ2Jtx8', 'duration_ms': 242440, 'time_signature': 4}]",0.669,0.747,6,-7.108,1,0.0428,0.141,0.0,0.185,0.483,122.531,audio_features,38ismoqQYn75ruDSQ2Jtx8,https://api.spotify.com/v1/tracks/38ismoqQYn75ruDSQ2Jtx8,https://api.spotify.com/v1/audio-analysis/38ismoqQYn75ruDSQ2Jtx8,242440,4
Coldplay,Warning Sign,63,spotify:track:4bPkBHKLKd9WHizsvM2zV3,https://open.spotify.com/track/4bPkBHKLKd9WHizsvM2zV3,"[{'danceability': 0.532, 'energy': 0.433, 'key': 3, 'loudness': -9.423, 'mode': 1, 'speechiness': 0.0278, 'acousticness': 0.0942, 'instrumentalness': 0.0121, 'liveness': 0.142, 'valence': 0.0395, 'tempo': 140.666, 'type': 'audio_features', 'id': '4bPkBHKLKd9WHizsvM2zV3', 'uri': 'spotify:track:4bPkBHKLKd9WHizsvM2zV3', 'track_href': 'https://api.spotify.com/v1/tracks/4bPkBHKLKd9WHizsvM2zV3', 'analysis_url': 'https://api.spotify.com/v1/audio-analysis/4bPkBHKLKd9WHizsvM2zV3', 'duration_ms': 331133, 'time_signature': 4}]",0.532,0.433,3,-9.423,1,0.0278,0.0942,0.0121,0.142,0.0395,140.666,audio_features,4bPkBHKLKd9WHizsvM2zV3,https://api.spotify.com/v1/tracks/4bPkBHKLKd9WHizsvM2zV3,https://api.spotify.com/v1/audio-analysis/4bPkBHKLKd9WHizsvM2zV3,331133,4
The Strokes,Last Nite,67,spotify:track:3SUusuA9jH1v6PVwtYMbdv,https://open.spotify.com/track/3SUusuA9jH1v6PVwtYMbdv,"[{'danceability': 0.624, 'energy': 0.899, 'key': 0, 'loudness': -5.709, 'mode': 1, 'speechiness': 0.0296, 'acousticness': 0.0221, 'instrumentalness': 0.000137, 'liveness': 0.0975, 'valence': 0.79, 'tempo': 104.061, 'type': 'audio_features', 'id': '3SUusuA9jH1v6PVwtYMbdv', 'uri': 'spotify:track:3SUusuA9jH1v6PVwtYMbdv', 'track_href': 'https://api.spotify.com/v1/tracks/3SUusuA9jH1v6PVwtYMbdv', 'analysis_url': 'https://api.spotify.com/v1/audio-analysis/3SUusuA9jH1v6PVwtYMbdv', 'duration_ms': 193373, 'time_signature': 4}]",0.624,0.899,0,-5.709,1,0.0296,0.0221,0.000137,0.0975,0.79,104.061,audio_features,3SUusuA9jH1v6PVwtYMbdv,https://api.spotify.com/v1/tracks/3SUusuA9jH1v6PVwtYMbdv,https://api.spotify.com/v1/audio-analysis/3SUusuA9jH1v6PVwtYMbdv,193373,4
Avril Lavigne,Here's to Never Growing Up,0,spotify:track:1rdreHH1v6kyrx2mFQvLR4,https://open.spotify.com/track/1rdreHH1v6kyrx2mFQvLR4,"[{'danceability': 0.487, 'energy': 0.876, 'key': 0, 'loudness': -3.152, 'mode': 1, 'speechiness': 0.0946, 'acousticness': 0.011, 'instrumentalness': 0, 'liveness': 0.401, 'valence': 0.725, 'tempo': 164.997, 'type': 'audio_features', 'id': '1rdreHH1v6kyrx2mFQvLR4', 'uri': 'spotify:track:1rdreHH1v6kyrx2mFQvLR4', 'track_href': 'https://api.spotify.com/v1/tracks/1rdreHH1v6kyrx2mFQvLR4', 'analysis_url': 'https://api.spotify.com/v1/audio-analysis/1rdreHH1v6kyrx2mFQvLR4', 'duration_ms': 214320, 'time_signature': 4}]",0.487,0.876,0,-3.152,1,0.0946,0.011,0.0,0.401,0.725,164.997,audio_features,1rdreHH1v6kyrx2mFQvLR4,https://api.spotify.com/v1/tracks/1rdreHH1v6kyrx2mFQvLR4,https://api.spotify.com/v1/audio-analysis/1rdreHH1v6kyrx2mFQvLR4,214320,4
The Prodigy,Mindfields,0,spotify:track:2wryxYiE3bzAVMexRHZJrC,https://open.spotify.com/track/2wryxYiE3bzAVMexRHZJrC,"[{'danceability': 0.663, 'energy': 0.975, 'key': 3, 'loudness': -7.161, 'mode': 0, 'speechiness': 0.0465, 'acousticness': 0.00667, 'instrumentalness': 0.736, 'liveness': 0.0749, 'valence': 0.416, 'tempo': 120.048, 'type': 'audio_features', 'id': '2wryxYiE3bzAVMexRHZJrC', 'uri': 'spotify:track:2wryxYiE3bzAVMexRHZJrC', 'track_href': 'https://api.spotify.com/v1/tracks/2wryxYiE3bzAVMexRHZJrC', 'analysis_url': 'https://api.spotify.com/v1/audio-analysis/2wryxYiE3bzAVMexRHZJrC', 'duration_ms': 340333, 'time_signature': 4}]",0.663,0.975,3,-7.161,0,0.0465,0.00667,0.736,0.0749,0.416,120.048,audio_features,2wryxYiE3bzAVMexRHZJrC,https://api.spotify.com/v1/tracks/2wryxYiE3bzAVMexRHZJrC,https://api.spotify.com/v1/audio-analysis/2wryxYiE3bzAVMexRHZJrC,340333,4
Rob Dougan,Clubbed to Death - Kurayamino Variation,0,spotify:track:5xdcu6GzK7PhjKbkj7iuDZ,https://open.spotify.com/track/5xdcu6GzK7PhjKbkj7iuDZ,"[{'danceability': 0.377, 'energy': 0.65, 'key': 2, 'loudness': -10.277, 'mode': 0, 'speechiness': 0.0284, 'acousticness': 0.0116, 'instrumentalness': 0.827, 'liveness': 0.346, 'valence': 0.0978, 'tempo': 101.547, 'type': 'audio_features', 'id': '5xdcu6GzK7PhjKbkj7iuDZ', 'uri': 'spotify:track:5xdcu6GzK7PhjKbkj7iuDZ', 'track_href': 'https://api.spotify.com/v1/tracks/5xdcu6GzK7PhjKbkj7iuDZ', 'analysis_url': 'https://api.spotify.com/v1/audio-analysis/5xdcu6GzK7PhjKbkj7iuDZ', 'duration_ms': 447427, 'time_signature': 4}]",0.377,0.65,2,-10.277,0,0.0284,0.0116,0.827,0.346,0.0978,101.547,audio_features,5xdcu6GzK7PhjKbkj7iuDZ,https://api.spotify.com/v1/tracks/5xdcu6GzK7PhjKbkj7iuDZ,https://api.spotify.com/v1/audio-analysis/5xdcu6GzK7PhjKbkj7iuDZ,447427,4
Prince,When Doves Cry,71,spotify:track:51H2y6YrNNXcy3dfc3qSbA,https://open.spotify.com/track/51H2y6YrNNXcy3dfc3qSbA,"[{'danceability': 0.729, 'energy': 0.989, 'key': 9, 'loudness': -4.613, 'mode': 0, 'speechiness': 0.049, 'acousticness': 0.0102, 'instrumentalness': 4.45e-05, 'liveness': 0.443, 'valence': 0.84, 'tempo': 126.47, 'type': 'audio_features', 'id': '51H2y6YrNNXcy3dfc3qSbA', 'uri': 'spotify:track:51H2y6YrNNXcy3dfc3qSbA', 'track_href': 'https://api.spotify.com/v1/tracks/51H2y6YrNNXcy3dfc3qSbA', 'analysis_url': 'https://api.spotify.com/v1/audio-analysis/51H2y6YrNNXcy3dfc3qSbA', 'duration_ms': 352906, 'time_signature': 4}]",0.729,0.989,9,-4.613,0,0.049,0.0102,4.45e-05,0.443,0.84,126.47,audio_features,51H2y6YrNNXcy3dfc3qSbA,https://api.spotify.com/v1/tracks/51H2y6YrNNXcy3dfc3qSbA,https://api.spotify.com/v1/audio-analysis/51H2y6YrNNXcy3dfc3qSbA,352906,4
Lacuna Coil,Cybersleep,26,spotify:track:4i1xwl9QefDGyHnohJIDCF,https://open.spotify.com/track/4i1xwl9QefDGyHnohJIDCF,"[{'danceability': 0.424, 'energy': 0.85, 'key': 4, 'loudness': -4.464, 'mode': 1, 'speechiness': 0.0351, 'acousticness': 5.16e-05, 'instrumentalness': 0.0244, 'liveness': 0.414, 'valence': 0.134, 'tempo': 130.009, 'type': 'audio_features', 'id': '4i1xwl9QefDGyHnohJIDCF', 'uri': 'spotify:track:4i1xwl9QefDGyHnohJIDCF', 'track_href': 'https://api.spotify.com/v1/tracks/4i1xwl9QefDGyHnohJIDCF', 'analysis_url': 'https://api.spotify.com/v1/audio-analysis/4i1xwl9QefDGyHnohJIDCF', 'duration_ms': 266187, 'time_signature': 4}]",0.424,0.85,4,-4.464,1,0.0351,5.16e-05,0.0244,0.414,0.134,130.009,audio_features,4i1xwl9QefDGyHnohJIDCF,https://api.spotify.com/v1/tracks/4i1xwl9QefDGyHnohJIDCF,https://api.spotify.com/v1/audio-analysis/4i1xwl9QefDGyHnohJIDCF,266187,4
Garbage,When I Grow Up,30,spotify:track:3OBn2PsOSCOArm0KdTcclY,https://open.spotify.com/track/3OBn2PsOSCOArm0KdTcclY,"[{'danceability': 0.591, 'energy': 0.898, 'key': 7, 'loudness': -4.583, 'mode': 0, 'speechiness': 0.0507, 'acousticness': 0.00129, 'instrumentalness': 2.52e-05, 'liveness': 0.812, 'valence': 0.684, 'tempo': 139.644, 'type': 'audio_features', 'id': '3OBn2PsOSCOArm0KdTcclY', 'uri': 'spotify:track:3OBn2PsOSCOArm0KdTcclY', 'track_href': 'https://api.spotify.com/v1/tracks/3OBn2PsOSCOArm0KdTcclY', 'analysis_url': 'https://api.spotify.com/v1/audio-analysis/3OBn2PsOSCOArm0KdTcclY', 'duration_ms': 202200, 'time_signature': 4}]",0.591,0.898,7,-4.583,0,0.0507,0.00129,2.52e-05,0.812,0.684,139.644,audio_features,3OBn2PsOSCOArm0KdTcclY,https://api.spotify.com/v1/tracks/3OBn2PsOSCOArm0KdTcclY,https://api.spotify.com/v1/audio-analysis/3OBn2PsOSCOArm0KdTcclY,202200,4
Rob Thomas,Trust You,35,spotify:track:23eUnTrHxVd4RNnramhnRA,https://open.spotify.com/track/23eUnTrHxVd4RNnramhnRA,"[{'danceability': 0.665, 'energy': 0.855, 'key': 6, 'loudness': -6.648, 'mode': 1, 'speechiness': 0.0306, 'acousticness': 0.000137, 'instrumentalness': 0.0044, 'liveness': 0.548, 'valence': 0.854, 'tempo': 130.034, 'type': 'audio_features', 'id': '23eUnTrHxVd4RNnramhnRA', 'uri': 'spotify:track:23eUnTrHxVd4RNnramhnRA', 'track_href': 'https://api.spotify.com/v1/tracks/23eUnTrHxVd4RNnramhnRA', 'analysis_url': 'https://api.spotify.com/v1/audio-analysis/23eUnTrHxVd4RNnramhnRA', 'duration_ms': 188373, 'time_signature': 4}]",0.665,0.855,6,-6.648,1,0.0306,0.000137,0.0044,0.548,0.854,130.034,audio_features,23eUnTrHxVd4RNnramhnRA,https://api.spotify.com/v1/tracks/23eUnTrHxVd4RNnramhnRA,https://api.spotify.com/v1/audio-analysis/23eUnTrHxVd4RNnramhnRA,188373,4
The Cure,Homesick - 2010 Remaster,34,spotify:track:2o0mBeqnGQkfhdYBl9ld3c,https://open.spotify.com/track/2o0mBeqnGQkfhdYBl9ld3c,"[{'danceability': 0.491, 'energy': 0.696, 'key': 9, 'loudness': -8.706, 'mode': 0, 'speechiness': 0.0258, 'acousticness': 0.118, 'instrumentalness': 0.695, 'liveness': 0.121, 'valence': 0.528, 'tempo': 156.014, 'type': 'audio_features', 'id': '2o0mBeqnGQkfhdYBl9ld3c', 'uri': 'spotify:track:2o0mBeqnGQkfhdYBl9ld3c', 'track_href': 'https://api.spotify.com/v1/tracks/2o0mBeqnGQkfhdYBl9ld3c', 'analysis_url': 'https://api.spotify.com/v1/audio-analysis/2o0mBeqnGQkfhdYBl9ld3c', 'duration_ms': 427280, 'time_signature': 4}]",0.491,0.696,9,-8.706,0,0.0258,0.118,0.695,0.121,0.528,156.014,audio_features,2o0mBeqnGQkfhdYBl9ld3c,https://api.spotify.com/v1/tracks/2o0mBeqnGQkfhdYBl9ld3c,https://api.spotify.com/v1/audio-analysis/2o0mBeqnGQkfhdYBl9ld3c,427280,4
Tom Misch,Wake Up This Day,38,spotify:track:2eGFixlUmSK3Yei80riTVe,https://open.spotify.com/track/2eGFixlUmSK3Yei80riTVe,"[{'danceability': 0.734, 'energy': 0.479, 'key': 0, 'loudness': -8.285, 'mode': 0, 'speechiness': 0.0341, 'acousticness': 0.557, 'instrumentalness': 0.00071, 'liveness': 0.0859, 'valence': 0.409, 'tempo': 90.029, 'type': 'audio_features', 'id': '2eGFixlUmSK3Yei80riTVe', 'uri': 'spotify:track:2eGFixlUmSK3Yei80riTVe', 'track_href': 'https://api.spotify.com/v1/tracks/2eGFixlUmSK3Yei80riTVe', 'analysis_url': 'https://api.spotify.com/v1/audio-analysis/2eGFixlUmSK3Yei80riTVe', 'duration_ms': 229238, 'time_signature': 4}]",0.734,0.479,0,-8.285,0,0.0341,0.557,0.00071,0.0859,0.409,90.029,audio_features,2eGFixlUmSK3Yei80riTVe,https://api.spotify.com/v1/tracks/2eGFixlUmSK3Yei80riTVe,https://api.spotify.com/v1/audio-analysis/2eGFixlUmSK3Yei80riTVe,229238,4
Tom Misch,Colours of Freedom,28,spotify:track:4Vq6zbG6UJfZ6eHuS6Arn1,https://open.spotify.com/track/4Vq6zbG6UJfZ6eHuS6Arn1,"[{'danceability': 0.778, 'energy': 0.535, 'key': 4, 'loudness': -7.987, 'mode': 0, 'speechiness': 0.0966, 'acousticness': 0.331, 'instrumentalness': 0.0551, 'liveness': 0.123, 'valence': 0.377, 'tempo': 112.063, 'type': 'audio_features', 'id': '4Vq6zbG6UJfZ6eHuS6Arn1', 'uri': 'spotify:track:4Vq6zbG6UJfZ6eHuS6Arn1', 'track_href': 'https://api.spotify.com/v1/tracks/4Vq6zbG6UJfZ6eHuS6Arn1', 'analysis_url': 'https://api.spotify.com/v1/audio-analysis/4Vq6zbG6UJfZ6eHuS6Arn1', 'duration_ms': 224000, 'time_signature': 4}]",0.778,0.535,4,-7.987,0,0.0966,0.331,0.0551,0.123,0.377,112.063,audio_features,4Vq6zbG6UJfZ6eHuS6Arn1,https://api.spotify.com/v1/tracks/4Vq6zbG6UJfZ6eHuS6Arn1,https://api.spotify.com/v1/audio-analysis/4Vq6zbG6UJfZ6eHuS6Arn1,224000,4
NateWantsToBattle,Here Comes a Thought,26,spotify:track:4vXSTX64zaWKRES6sREMYf,https://open.spotify.com/track/4vXSTX64zaWKRES6sREMYf,"[{'danceability': 0.729, 'energy': 0.441, 'key': 6, 'loudness': -10.894, 'mode': 0, 'speechiness': 0.0384, 'acousticness': 0.199, 'instrumentalness': 0, 'liveness': 0.0874, 'valence': 0.729, 'tempo': 91.023, 'type': 'audio_features', 'id': '4vXSTX64zaWKRES6sREMYf', 'uri': 'spotify:track:4vXSTX64zaWKRES6sREMYf', 'track_href': 'https://api.spotify.com/v1/tracks/4vXSTX64zaWKRES6sREMYf', 'analysis_url': 'https://api.spotify.com/v1/audio-analysis/4vXSTX64zaWKRES6sREMYf', 'duration_ms': 195165, 'time_signature': 4}]",0.729,0.441,6,-10.894,0,0.0384,0.199,0.0,0.0874,0.729,91.023,audio_features,4vXSTX64zaWKRES6sREMYf,https://api.spotify.com/v1/tracks/4vXSTX64zaWKRES6sREMYf,https://api.spotify.com/v1/audio-analysis/4vXSTX64zaWKRES6sREMYf,195165,4
Tom Misch,Water Baby,32,spotify:track:6Pd20wirRDM9k4e69px3dN,https://open.spotify.com/track/6Pd20wirRDM9k4e69px3dN,"[{'danceability': 0.666, 'energy': 0.537, 'key': 8, 'loudness': -10.467, 'mode': 1, 'speechiness': 0.249, 'acousticness': 0.477, 'instrumentalness': 0.0208, 'liveness': 0.0656, 'valence': 0.653, 'tempo': 93.002, 'type': 'audio_features', 'id': '6Pd20wirRDM9k4e69px3dN', 'uri': 'spotify:track:6Pd20wirRDM9k4e69px3dN', 'track_href': 'https://api.spotify.com/v1/tracks/6Pd20wirRDM9k4e69px3dN', 'analysis_url': 'https://api.spotify.com/v1/audio-analysis/6Pd20wirRDM9k4e69px3dN', 'duration_ms': 271530, 'time_signature': 4}]",0.666,0.537,8,-10.467,1,0.249,0.477,0.0208,0.0656,0.653,93.002,audio_features,6Pd20wirRDM9k4e69px3dN,https://api.spotify.com/v1/tracks/6Pd20wirRDM9k4e69px3dN,https://api.spotify.com/v1/audio-analysis/6Pd20wirRDM9k4e69px3dN,271530,4
The Cure,Disintegration - 2010 Remaster,41,spotify:track:3UhLbKTnEqjRiZyKhzkRyD,https://open.spotify.com/track/3UhLbKTnEqjRiZyKhzkRyD,"[{'danceability': 0.593, 'energy': 0.943, 'key': 2, 'loudness': -5.948, 'mode': 1, 'speechiness': 0.0568, 'acousticness': 0.308, 'instrumentalness': 0.0284, 'liveness': 0.366, 'valence': 0.125, 'tempo': 122.02, 'type': 'audio_features', 'id': '3UhLbKTnEqjRiZyKhzkRyD', 'uri': 'spotify:track:3UhLbKTnEqjRiZyKhzkRyD', 'track_href': 'https://api.spotify.com/v1/tracks/3UhLbKTnEqjRiZyKhzkRyD', 'analysis_url': 'https://api.spotify.com/v1/audio-analysis/3UhLbKTnEqjRiZyKhzkRyD', 'duration_ms': 499973, 'time_signature': 4}]",0.593,0.943,2,-5.948,1,0.0568,0.308,0.0284,0.366,0.125,122.02,audio_features,3UhLbKTnEqjRiZyKhzkRyD,https://api.spotify.com/v1/tracks/3UhLbKTnEqjRiZyKhzkRyD,https://api.spotify.com/v1/audio-analysis/3UhLbKTnEqjRiZyKhzkRyD,499973,4
The 1975,Heart Out,58,spotify:track:3xrwXWG4O9uhtRyAd3MCou,https://open.spotify.com/track/3xrwXWG4O9uhtRyAd3MCou,"[{'danceability': 0.706, 'energy': 0.83, 'key': 2, 'loudness': -4.918, 'mode': 1, 'speechiness': 0.0274, 'acousticness': 0.00822, 'instrumentalness': 0.00112, 'liveness': 0.0763, 'valence': 0.886, 'tempo': 118.446, 'type': 'audio_features', 'id': '3xrwXWG4O9uhtRyAd3MCou', 'uri': 'spotify:track:3xrwXWG4O9uhtRyAd3MCou', 'track_href': 'https://api.spotify.com/v1/tracks/3xrwXWG4O9uhtRyAd3MCou', 'analysis_url': 'https://api.spotify.com/v1/audio-analysis/3xrwXWG4O9uhtRyAd3MCou', 'duration_ms': 202296, 'time_signature': 4}]",0.706,0.83,2,-4.918,1,0.0274,0.00822,0.00112,0.0763,0.886,118.446,audio_features,3xrwXWG4O9uhtRyAd3MCou,https://api.spotify.com/v1/tracks/3xrwXWG4O9uhtRyAd3MCou,https://api.spotify.com/v1/audio-analysis/3xrwXWG4O9uhtRyAd3MCou,202296,4
Alex Turner,Hiding tonight,0,spotify:track:3uqB4CqxJdLV26OdD6B9J4,https://open.spotify.com/track/3uqB4CqxJdLV26OdD6B9J4,"[{'danceability': 0.543, 'energy': 0.122, 'key': 0, 'loudness': -18.863, 'mode': 1, 'speechiness': 0.0337, 'acousticness': 0.915, 'instrumentalness': 0, 'liveness': 0.373, 'valence': 0.282, 'tempo': 99.835, 'type': 'audio_features', 'id': '3uqB4CqxJdLV26OdD6B9J4', 'uri': 'spotify:track:3uqB4CqxJdLV26OdD6B9J4', 'track_href': 'https://api.spotify.com/v1/tracks/3uqB4CqxJdLV26OdD6B9J4', 'analysis_url': 'https://api.spotify.com/v1/audio-analysis/3uqB4CqxJdLV26OdD6B9J4', 'duration_ms': 186720, 'time_signature': 4}]",0.543,0.122,0,-18.863,1,0.0337,0.915,0.0,0.373,0.282,99.835,audio_features,3uqB4CqxJdLV26OdD6B9J4,https://api.spotify.com/v1/tracks/3uqB4CqxJdLV26OdD6B9J4,https://api.spotify.com/v1/audio-analysis/3uqB4CqxJdLV26OdD6B9J4,186720,4
Bastille,"Weight Of Living, Pt. II",0,spotify:track:4uxcMlrKDqXOsNMrqaOVd6,https://open.spotify.com/track/4uxcMlrKDqXOsNMrqaOVd6,"[{'danceability': 0.573, 'energy': 0.802, 'key': 0, 'loudness': -5.087, 'mode': 1, 'speechiness': 0.0519, 'acousticness': 0.0231, 'instrumentalness': 4.04e-06, 'liveness': 0.101, 'valence': 0.422, 'tempo': 129.969, 'type': 'audio_features', 'id': '4uxcMlrKDqXOsNMrqaOVd6', 'uri': 'spotify:track:4uxcMlrKDqXOsNMrqaOVd6', 'track_href': 'https://api.spotify.com/v1/tracks/4uxcMlrKDqXOsNMrqaOVd6', 'analysis_url': 'https://api.spotify.com/v1/audio-analysis/4uxcMlrKDqXOsNMrqaOVd6', 'duration_ms': 174840, 'time_signature': 4}]",0.573,0.802,0,-5.087,1,0.0519,0.0231,4.04e-06,0.101,0.422,129.969,audio_features,4uxcMlrKDqXOsNMrqaOVd6,https://api.spotify.com/v1/tracks/4uxcMlrKDqXOsNMrqaOVd6,https://api.spotify.com/v1/audio-analysis/4uxcMlrKDqXOsNMrqaOVd6,174840,4
Tame Impala,Feels Like We Only Go Backwards,0,spotify:track:0PL58OnFfBcKmN3O7Jxs2g,https://open.spotify.com/track/0PL58OnFfBcKmN3O7Jxs2g,"[{'danceability': 0.303, 'energy': 0.9, 'key': 2, 'loudness': -2.352, 'mode': 0, 'speechiness': 0.0574, 'acousticness': 0.0277, 'instrumentalness': 0.635, 'liveness': 0.11, 'valence': 0.491, 'tempo': 149.508, 'type': 'audio_features', 'id': '0PL58OnFfBcKmN3O7Jxs2g', 'uri': 'spotify:track:0PL58OnFfBcKmN3O7Jxs2g', 'track_href': 'https://api.spotify.com/v1/tracks/0PL58OnFfBcKmN3O7Jxs2g', 'analysis_url': 'https://api.spotify.com/v1/audio-analysis/0PL58OnFfBcKmN3O7Jxs2g', 'duration_ms': 192960, 'time_signature': 4}]",0.303,0.9,2,-2.352,0,0.0574,0.0277,0.635,0.11,0.491,149.508,audio_features,0PL58OnFfBcKmN3O7Jxs2g,https://api.spotify.com/v1/tracks/0PL58OnFfBcKmN3O7Jxs2g,https://api.spotify.com/v1/audio-analysis/0PL58OnFfBcKmN3O7Jxs2g,192960,4
Mazzy Star,Into Dust,61,spotify:track:7l5nkTZpoD93OkynN0gcon,https://open.spotify.com/track/7l5nkTZpoD93OkynN0gcon,"[{'danceability': 0.415, 'energy': 0.132, 'key': 7, 'loudness': -18.839, 'mode': 1, 'speechiness': 0.0353, 'acousticness': 0.94, 'instrumentalness': 0.137, 'liveness': 0.113, 'valence': 0.122, 'tempo': 169.006, 'type': 'audio_features', 'id': '7l5nkTZpoD93OkynN0gcon', 'uri': 'spotify:track:7l5nkTZpoD93OkynN0gcon', 'track_href': 'https://api.spotify.com/v1/tracks/7l5nkTZpoD93OkynN0gcon', 'analysis_url': 'https://api.spotify.com/v1/audio-analysis/7l5nkTZpoD93OkynN0gcon', 'duration_ms': 336760, 'time_signature': 4}]",0.415,0.132,7,-18.839,1,0.0353,0.94,0.137,0.113,0.122,169.006,audio_features,7l5nkTZpoD93OkynN0gcon,https://api.spotify.com/v1/tracks/7l5nkTZpoD93OkynN0gcon,https://api.spotify.com/v1/audio-analysis/7l5nkTZpoD93OkynN0gcon,336760,4
Zella Day,High,0,spotify:track:1jgFBgIUIOAFSotrZIOUTg,https://open.spotify.com/track/1jgFBgIUIOAFSotrZIOUTg,"[{'danceability': 0.355, 'energy': 0.907, 'key': 8, 'loudness': -3.615, 'mode': 0, 'speechiness': 0.0463, 'acousticness': 2.61e-05, 'instrumentalness': 0.0171, 'liveness': 0.108, 'valence': 0.457, 'tempo': 158.979, 'type': 'audio_features', 'id': '1jgFBgIUIOAFSotrZIOUTg', 'uri': 'spotify:track:1jgFBgIUIOAFSotrZIOUTg', 'track_href': 'https://api.spotify.com/v1/tracks/1jgFBgIUIOAFSotrZIOUTg', 'analysis_url': 'https://api.spotify.com/v1/audio-analysis/1jgFBgIUIOAFSotrZIOUTg', 'duration_ms': 217800, 'time_signature': 4}]",0.355,0.907,8,-3.615,0,0.0463,2.61e-05,0.0171,0.108,0.457,158.979,audio_features,1jgFBgIUIOAFSotrZIOUTg,https://api.spotify.com/v1/tracks/1jgFBgIUIOAFSotrZIOUTg,https://api.spotify.com/v1/audio-analysis/1jgFBgIUIOAFSotrZIOUTg,217800,4
alt-J,3WW,0,spotify:track:6O1XKTvgVLwytNWdOlFcHI,https://open.spotify.com/track/6O1XKTvgVLwytNWdOlFcHI,"[{'danceability': 0.637, 'energy': 0.137, 'key': 2, 'loudness': -15.131, 'mode': 1, 'speechiness': 0.0519, 'acousticness': 0.74, 'instrumentalness': 0.0287, 'liveness': 0.0655, 'valence': 0.146, 'tempo': 78.017, 'type': 'audio_features', 'id': '6O1XKTvgVLwytNWdOlFcHI', 'uri': 'spotify:track:6O1XKTvgVLwytNWdOlFcHI', 'track_href': 'https://api.spotify.com/v1/tracks/6O1XKTvgVLwytNWdOlFcHI', 'analysis_url': 'https://api.spotify.com/v1/audio-analysis/6O1XKTvgVLwytNWdOlFcHI', 'duration_ms': 300107, 'time_signature': 4}]",0.637,0.137,2,-15.131,1,0.0519,0.74,0.0287,0.0655,0.146,78.017,audio_features,6O1XKTvgVLwytNWdOlFcHI,https://api.spotify.com/v1/tracks/6O1XKTvgVLwytNWdOlFcHI,https://api.spotify.com/v1/audio-analysis/6O1XKTvgVLwytNWdOlFcHI,300107,4
Milwin,Follow Your Heart,0,spotify:track:6Br3Dpz2NjdUThdULQXMDM,https://open.spotify.com/track/6Br3Dpz2NjdUThdULQXMDM,"[{'danceability': 0.773, 'energy': 0.843, 'key': 6, 'loudness': -6.347, 'mode': 0, 'speechiness': 0.0375, 'acousticness': 0.0219, 'instrumentalness': 0.0373, 'liveness': 0.104, 'valence': 0.344, 'tempo': 122.009, 'type': 'audio_features', 'id': '6Br3Dpz2NjdUThdULQXMDM', 'uri': 'spotify:track:6Br3Dpz2NjdUThdULQXMDM', 'track_href': 'https://api.spotify.com/v1/tracks/6Br3Dpz2NjdUThdULQXMDM', 'analysis_url': 'https://api.spotify.com/v1/audio-analysis/6Br3Dpz2NjdUThdULQXMDM', 'duration_ms': 217640, 'time_signature': 4}]",0.773,0.843,6,-6.347,0,0.0375,0.0219,0.0373,0.104,0.344,122.009,audio_features,6Br3Dpz2NjdUThdULQXMDM,https://api.spotify.com/v1/tracks/6Br3Dpz2NjdUThdULQXMDM,https://api.spotify.com/v1/audio-analysis/6Br3Dpz2NjdUThdULQXMDM,217640,4
Essen Hiort,Deep As The Night,15,spotify:track:1OUX53IghArqsgDE3inWfz,https://open.spotify.com/track/1OUX53IghArqsgDE3inWfz,"[{'danceability': 0.767, 'energy': 0.385, 'key': 8, 'loudness': -9.554, 'mode': 0, 'speechiness': 0.0979, 'acousticness': 0.49, 'instrumentalness': 0.00295, 'liveness': 0.138, 'valence': 0.659, 'tempo': 106.961, 'type': 'audio_features', 'id': '1OUX53IghArqsgDE3inWfz', 'uri': 'spotify:track:1OUX53IghArqsgDE3inWfz', 'track_href': 'https://api.spotify.com/v1/tracks/1OUX53IghArqsgDE3inWfz', 'analysis_url': 'https://api.spotify.com/v1/audio-analysis/1OUX53IghArqsgDE3inWfz', 'duration_ms': 190983, 'time_signature': 4}]",0.767,0.385,8,-9.554,0,0.0979,0.49,0.00295,0.138,0.659,106.961,audio_features,1OUX53IghArqsgDE3inWfz,https://api.spotify.com/v1/tracks/1OUX53IghArqsgDE3inWfz,https://api.spotify.com/v1/audio-analysis/1OUX53IghArqsgDE3inWfz,190983,4
"Ola Nordmann, Rykkinnfella & Jack Dee",17. Mai er vi sÃ¥ glad i,0,spotify:track:1QvMcYoofucQCQDoldzOhq,https://open.spotify.com/track/1QvMcYoofucQCQDoldzOhq,"[{'danceability': 0.651, 'energy': 0.593, 'key': 4, 'loudness': -8.956, 'mode': 0, 'speechiness': 0.427, 'acousticness': 0.152, 'instrumentalness': 0.082, 'liveness': 0.472, 'valence': 0.613, 'tempo': 127.937, 'type': 'audio_features', 'id': '1QvMcYoofucQCQDoldzOhq', 'uri': 'spotify:track:1QvMcYoofucQCQDoldzOhq', 'track_href': 'https://api.spotify.com/v1/tracks/1QvMcYoofucQCQDoldzOhq', 'analysis_url': 'https://api.spotify.com/v1/audio-analysis/1QvMcYoofucQCQDoldzOhq', 'duration_ms': 154805, 'time_signature': 3}]",0.651,0.593,4,-8.956,0,0.427,0.152,0.082,0.472,0.613,127.937,audio_features,1QvMcYoofucQCQDoldzOhq,https://api.spotify.com/v1/tracks/1QvMcYoofucQCQDoldzOhq,https://api.spotify.com/v1/audio-analysis/1QvMcYoofucQCQDoldzOhq,154805,3
CHVRCHES,Warning Call,0,spotify:track:00EXQo4oF8LyQMa8byKvGM,https://open.spotify.com/track/00EXQo4oF8LyQMa8byKvGM,"[{'danceability': 0.559, 'energy': 0.68, 'key': 4, 'loudness': -6.369, 'mode': 1, 'speechiness': 0.0325, 'acousticness': 0.00259, 'instrumentalness': 1.56e-05, 'liveness': 0.0704, 'valence': 0.106, 'tempo': 94.986, 'type': 'audio_features', 'id': '00EXQo4oF8LyQMa8byKvGM', 'uri': 'spotify:track:00EXQo4oF8LyQMa8byKvGM', 'track_href': 'https://api.spotify.com/v1/tracks/00EXQo4oF8LyQMa8byKvGM', 'analysis_url': 'https://api.spotify.com/v1/audio-analysis/00EXQo4oF8LyQMa8byKvGM', 'duration_ms': 272160, 'time_signature': 4}]",0.559,0.68,4,-6.369,1,0.0325,0.00259,1.56e-05,0.0704,0.106,94.986,audio_features,00EXQo4oF8LyQMa8byKvGM,https://api.spotify.com/v1/tracks/00EXQo4oF8LyQMa8byKvGM,https://api.spotify.com/v1/audio-analysis/00EXQo4oF8LyQMa8byKvGM,272160,4
Hanson,MMMBop,0,spotify:track:4RwIkzRJEk1pPVsyd592tc,https://open.spotify.com/track/4RwIkzRJEk1pPVsyd592tc,"[{'danceability': 0.693, 'energy': 0.97, 'key': 9, 'loudness': -3.725, 'mode': 1, 'speechiness': 0.0522, 'acousticness': 0.00987, 'instrumentalness': 0.00143, 'liveness': 0.101, 'valence': 0.657, 'tempo': 104.892, 'type': 'audio_features', 'id': '4RwIkzRJEk1pPVsyd592tc', 'uri': 'spotify:track:4RwIkzRJEk1pPVsyd592tc', 'track_href': 'https://api.spotify.com/v1/tracks/4RwIkzRJEk1pPVsyd592tc', 'analysis_url': 'https://api.spotify.com/v1/audio-analysis/4RwIkzRJEk1pPVsyd592tc', 'duration_ms': 237453, 'time_signature': 4}]",0.693,0.97,9,-3.725,1,0.0522,0.00987,0.00143,0.101,0.657,104.892,audio_features,4RwIkzRJEk1pPVsyd592tc,https://api.spotify.com/v1/tracks/4RwIkzRJEk1pPVsyd592tc,https://api.spotify.com/v1/audio-analysis/4RwIkzRJEk1pPVsyd592tc,237453,4
Betty Who,The Other Side,0,spotify:track:5YU3mIusdBgTmtHqPkBzhF,https://open.spotify.com/track/5YU3mIusdBgTmtHqPkBzhF,"[{'danceability': 0.717, 'energy': 0.747, 'key': 2, 'loudness': -7.304, 'mode': 0, 'speechiness': 0.0319, 'acousticness': 0.011, 'instrumentalness': 0.000854, 'liveness': 0.111, 'valence': 0.529, 'tempo': 120.001, 'type': 'audio_features', 'id': '5YU3mIusdBgTmtHqPkBzhF', 'uri': 'spotify:track:5YU3mIusdBgTmtHqPkBzhF', 'track_href': 'https://api.spotify.com/v1/tracks/5YU3mIusdBgTmtHqPkBzhF', 'analysis_url': 'https://api.spotify.com/v1/audio-analysis/5YU3mIusdBgTmtHqPkBzhF', 'duration_ms': 179405, 'time_signature': 4}]",0.717,0.747,2,-7.304,0,0.0319,0.011,0.000854,0.111,0.529,120.001,audio_features,5YU3mIusdBgTmtHqPkBzhF,https://api.spotify.com/v1/tracks/5YU3mIusdBgTmtHqPkBzhF,https://api.spotify.com/v1/audio-analysis/5YU3mIusdBgTmtHqPkBzhF,179405,4
R3HAB,Won't Stop Rocking,0,spotify:track:3puJ4f4wzYC79XboCfvPWo,https://open.spotify.com/track/3puJ4f4wzYC79XboCfvPWo,"[{'danceability': 0.593, 'energy': 0.87, 'key': 7, 'loudness': -3.454, 'mode': 0, 'speechiness': 0.0578, 'acousticness': 0.0912, 'instrumentalness': 0.00408, 'liveness': 0.177, 'valence': 0.177, 'tempo': 128.02, 'type': 'audio_features', 'id': '3puJ4f4wzYC79XboCfvPWo', 'uri': 'spotify:track:3puJ4f4wzYC79XboCfvPWo', 'track_href': 'https://api.spotify.com/v1/tracks/3puJ4f4wzYC79XboCfvPWo', 'analysis_url': 'https://api.spotify.com/v1/audio-analysis/3puJ4f4wzYC79XboCfvPWo', 'duration_ms': 187500, 'time_signature': 4}]",0.593,0.87,7,-3.454,0,0.0578,0.0912,0.00408,0.177,0.177,128.02,audio_features,3puJ4f4wzYC79XboCfvPWo,https://api.spotify.com/v1/tracks/3puJ4f4wzYC79XboCfvPWo,https://api.spotify.com/v1/audio-analysis/3puJ4f4wzYC79XboCfvPWo,187500,4
Lilac,Lvndr,26,spotify:track:035SD8i1kub2mdW5ljFhjS,https://open.spotify.com/track/035SD8i1kub2mdW5ljFhjS,"[{'danceability': 0.599, 'energy': 0.336, 'key': 11, 'loudness': -13.686, 'mode': 1, 'speechiness': 0.05, 'acousticness': 0.74, 'instrumentalness': 0.6, 'liveness': 0.168, 'valence': 0.184, 'tempo': 123.011, 'type': 'audio_features', 'id': '035SD8i1kub2mdW5ljFhjS', 'uri': 'spotify:track:035SD8i1kub2mdW5ljFhjS', 'track_href': 'https://api.spotify.com/v1/tracks/035SD8i1kub2mdW5ljFhjS', 'analysis_url': 'https://api.spotify.com/v1/audio-analysis/035SD8i1kub2mdW5ljFhjS', 'duration_ms': 140500, 'time_signature': 4}]",0.599,0.336,11,-13.686,1,0.05,0.74,0.6,0.168,0.184,123.011,audio_features,035SD8i1kub2mdW5ljFhjS,https://api.spotify.com/v1/tracks/035SD8i1kub2mdW5ljFhjS,https://api.spotify.com/v1/audio-analysis/035SD8i1kub2mdW5ljFhjS,140500,4
Iron & Wine,Naked As We Came,0,spotify:track:2gUSIsapdX6jEJ0DvjqTt2,https://open.spotify.com/track/2gUSIsapdX6jEJ0DvjqTt2,"[{'danceability': 0.367, 'energy': 0.208, 'key': 4, 'loudness': -16.734, 'mode': 1, 'speechiness': 0.0363, 'acousticness': 0.629, 'instrumentalness': 0.0584, 'liveness': 0.106, 'valence': 0.663, 'tempo': 172.358, 'type': 'audio_features', 'id': '2gUSIsapdX6jEJ0DvjqTt2', 'uri': 'spotify:track:2gUSIsapdX6jEJ0DvjqTt2', 'track_href': 'https://api.spotify.com/v1/tracks/2gUSIsapdX6jEJ0DvjqTt2', 'analysis_url': 'https://api.spotify.com/v1/audio-analysis/2gUSIsapdX6jEJ0DvjqTt2', 'duration_ms': 152627, 'time_signature': 4}]",0.367,0.208,4,-16.734,1,0.0363,0.629,0.0584,0.106,0.663,172.358,audio_features,2gUSIsapdX6jEJ0DvjqTt2,https://api.spotify.com/v1/tracks/2gUSIsapdX6jEJ0DvjqTt2,https://api.spotify.com/v1/audio-analysis/2gUSIsapdX6jEJ0DvjqTt2,152627,4
Radiohead,Everything in Its Right Place,0,spotify:track:31DVVa40JpTudyGDNC1ROW,https://open.spotify.com/track/31DVVa40JpTudyGDNC1ROW,"[{'danceability': 0.293, 'energy': 0.462, 'key': 5, 'loudness': -11.412, 'mode': 0, 'speechiness': 0.0453, 'acousticness': 0.699, 'instrumentalness': 0.0444, 'liveness': 0.0954, 'valence': 0.0623, 'tempo': 124.004, 'type': 'audio_features', 'id': '31DVVa40JpTudyGDNC1ROW', 'uri': 'spotify:track:31DVVa40JpTudyGDNC1ROW', 'track_href': 'https://api.spotify.com/v1/tracks/31DVVa40JpTudyGDNC1ROW', 'analysis_url': 'https://api.spotify.com/v1/audio-analysis/31DVVa40JpTudyGDNC1ROW', 'duration_ms': 251427, 'time_signature': 5}]",0.293,0.462,5,-11.412,0,0.0453,0.699,0.0444,0.0954,0.0623,124.004,audio_features,31DVVa40JpTudyGDNC1ROW,https://api.spotify.com/v1/tracks/31DVVa40JpTudyGDNC1ROW,https://api.spotify.com/v1/audio-analysis/31DVVa40JpTudyGDNC1ROW,251427,5
Arctic Monkeys,Fireside,0,spotify:track:4p8hEugsVDbekDgDH4QagU,https://open.spotify.com/track/4p8hEugsVDbekDgDH4QagU,"[{'danceability': 0.538, 'energy': 0.953, 'key': 9, 'loudness': -5.611, 'mode': 0, 'speechiness': 0.056, 'acousticness': 0.0234, 'instrumentalness': 0.00126, 'liveness': 0.113, 'valence': 0.74, 'tempo': 100.033, 'type': 'audio_features', 'id': '4p8hEugsVDbekDgDH4QagU', 'uri': 'spotify:track:4p8hEugsVDbekDgDH4QagU', 'track_href': 'https://api.spotify.com/v1/tracks/4p8hEugsVDbekDgDH4QagU', 'analysis_url': 'https://api.spotify.com/v1/audio-analysis/4p8hEugsVDbekDgDH4QagU', 'duration_ms': 181049, 'time_signature': 4}]",0.538,0.953,9,-5.611,0,0.056,0.0234,0.00126,0.113,0.74,100.033,audio_features,4p8hEugsVDbekDgDH4QagU,https://api.spotify.com/v1/tracks/4p8hEugsVDbekDgDH4QagU,https://api.spotify.com/v1/audio-analysis/4p8hEugsVDbekDgDH4QagU,181049,4
Neil Diamond,"Girl, You'll Be A Woman Soon",61,spotify:track:1BmVQ5RGqqtF5cnsv6cQYu,https://open.spotify.com/track/1BmVQ5RGqqtF5cnsv6cQYu,"[{'danceability': 0.515, 'energy': 0.641, 'key': 5, 'loudness': -5.573, 'mode': 1, 'speechiness': 0.0272, 'acousticness': 0.567, 'instrumentalness': 0.0642, 'liveness': 0.322, 'valence': 0.655, 'tempo': 109.558, 'type': 'audio_features', 'id': '1BmVQ5RGqqtF5cnsv6cQYu', 'uri': 'spotify:track:1BmVQ5RGqqtF5cnsv6cQYu', 'track_href': 'https://api.spotify.com/v1/tracks/1BmVQ5RGqqtF5cnsv6cQYu', 'analysis_url': 'https://api.spotify.com/v1/audio-analysis/1BmVQ5RGqqtF5cnsv6cQYu', 'duration_ms': 180253, 'time_signature': 4}]",0.515,0.641,5,-5.573,1,0.0272,0.567,0.0642,0.322,0.655,109.558,audio_features,1BmVQ5RGqqtF5cnsv6cQYu,https://api.spotify.com/v1/tracks/1BmVQ5RGqqtF5cnsv6cQYu,https://api.spotify.com/v1/audio-analysis/1BmVQ5RGqqtF5cnsv6cQYu,180253,4
Spoon,The Underdog,42,spotify:track:3G3EvGRQUgyhn5icKOiiFP,https://open.spotify.com/track/3G3EvGRQUgyhn5icKOiiFP,"[{'danceability': 0.677, 'energy': 0.638, 'key': 7, 'loudness': -6.482, 'mode': 1, 'speechiness': 0.0326, 'acousticness': 0.0456, 'instrumentalness': 0.00166, 'liveness': 0.688, 'valence': 0.9, 'tempo': 145.114, 'type': 'audio_features', 'id': '3G3EvGRQUgyhn5icKOiiFP', 'uri': 'spotify:track:3G3EvGRQUgyhn5icKOiiFP', 'track_href': 'https://api.spotify.com/v1/tracks/3G3EvGRQUgyhn5icKOiiFP', 'analysis_url': 'https://api.spotify.com/v1/audio-analysis/3G3EvGRQUgyhn5icKOiiFP', 'duration_ms': 222320, 'time_signature': 4}]",0.677,0.638,7,-6.482,1,0.0326,0.0456,0.00166,0.688,0.9,145.114,audio_features,3G3EvGRQUgyhn5icKOiiFP,https://api.spotify.com/v1/tracks/3G3EvGRQUgyhn5icKOiiFP,https://api.spotify.com/v1/audio-analysis/3G3EvGRQUgyhn5icKOiiFP,222320,4
Team Me,June,0,spotify:track:620QIR5ruGWMrwoi9Jw1kg,https://open.spotify.com/track/620QIR5ruGWMrwoi9Jw1kg,"[{'danceability': 0.503, 'energy': 0.744, 'key': 0, 'loudness': -7.943, 'mode': 0, 'speechiness': 0.04, 'acousticness': 0.0377, 'instrumentalness': 0.000589, 'liveness': 0.156, 'valence': 0.454, 'tempo': 140.048, 'type': 'audio_features', 'id': '620QIR5ruGWMrwoi9Jw1kg', 'uri': 'spotify:track:620QIR5ruGWMrwoi9Jw1kg', 'track_href': 'https://api.spotify.com/v1/tracks/620QIR5ruGWMrwoi9Jw1kg', 'analysis_url': 'https://api.spotify.com/v1/audio-analysis/620QIR5ruGWMrwoi9Jw1kg', 'duration_ms': 221217, 'time_signature': 4}]",0.503,0.744,0,-7.943,0,0.04,0.0377,0.000589,0.156,0.454,140.048,audio_features,620QIR5ruGWMrwoi9Jw1kg,https://api.spotify.com/v1/tracks/620QIR5ruGWMrwoi9Jw1kg,https://api.spotify.com/v1/audio-analysis/620QIR5ruGWMrwoi9Jw1kg,221217,4
AURORA,Winter Bird,25,spotify:track:459c1c6qH034JihBdZeGBj,https://open.spotify.com/track/459c1c6qH034JihBdZeGBj,"[{'danceability': 0.301, 'energy': 0.492, 'key': 5, 'loudness': -8.307, 'mode': 0, 'speechiness': 0.0483, 'acousticness': 0.011, 'instrumentalness': 0.0454, 'liveness': 0.172, 'valence': 0.138, 'tempo': 142.677, 'type': 'audio_features', 'id': '459c1c6qH034JihBdZeGBj', 'uri': 'spotify:track:459c1c6qH034JihBdZeGBj', 'track_href': 'https://api.spotify.com/v1/tracks/459c1c6qH034JihBdZeGBj', 'analysis_url': 'https://api.spotify.com/v1/audio-analysis/459c1c6qH034JihBdZeGBj', 'duration_ms': 244147, 'time_signature': 4}]",0.301,0.492,5,-8.307,0,0.0483,0.011,0.0454,0.172,0.138,142.677,audio_features,459c1c6qH034JihBdZeGBj,https://api.spotify.com/v1/tracks/459c1c6qH034JihBdZeGBj,https://api.spotify.com/v1/audio-analysis/459c1c6qH034JihBdZeGBj,244147,4
Dennis Kruissen,South America - KLYMVX Remix,0,spotify:track:3GSemy4YvedBnXqgYndwMB,https://open.spotify.com/track/3GSemy4YvedBnXqgYndwMB,"[{'danceability': 0.596, 'energy': 0.901, 'key': 4, 'loudness': -5.189, 'mode': 0, 'speechiness': 0.063, 'acousticness': 0.106, 'instrumentalness': 0.0282, 'liveness': 0.278, 'valence': 0.0637, 'tempo': 103.96, 'type': 'audio_features', 'id': '3GSemy4YvedBnXqgYndwMB', 'uri': 'spotify:track:3GSemy4YvedBnXqgYndwMB', 'track_href': 'https://api.spotify.com/v1/tracks/3GSemy4YvedBnXqgYndwMB', 'analysis_url': 'https://api.spotify.com/v1/audio-analysis/3GSemy4YvedBnXqgYndwMB', 'duration_ms': 196850, 'time_signature': 4}]",0.596,0.901,4,-5.189,0,0.063,0.106,0.0282,0.278,0.0637,103.96,audio_features,3GSemy4YvedBnXqgYndwMB,https://api.spotify.com/v1/tracks/3GSemy4YvedBnXqgYndwMB,https://api.spotify.com/v1/audio-analysis/3GSemy4YvedBnXqgYndwMB,196850,4
Galantis,Gold Dust,31,spotify:track:1c4ZG57TMGxsohvNukHwrO,https://open.spotify.com/track/1c4ZG57TMGxsohvNukHwrO,"[{'danceability': 0.242, 'energy': 0.746, 'key': 2, 'loudness': -4.496, 'mode': 1, 'speechiness': 0.0361, 'acousticness': 0.00635, 'instrumentalness': 0.00397, 'liveness': 0.107, 'valence': 0.128, 'tempo': 127.997, 'type': 'audio_features', 'id': '1c4ZG57TMGxsohvNukHwrO', 'uri': 'spotify:track:1c4ZG57TMGxsohvNukHwrO', 'track_href': 'https://api.spotify.com/v1/tracks/1c4ZG57TMGxsohvNukHwrO', 'analysis_url': 'https://api.spotify.com/v1/audio-analysis/1c4ZG57TMGxsohvNukHwrO', 'duration_ms': 234255, 'time_signature': 4}]",0.242,0.746,2,-4.496,1,0.0361,0.00635,0.00397,0.107,0.128,127.997,audio_features,1c4ZG57TMGxsohvNukHwrO,https://api.spotify.com/v1/tracks/1c4ZG57TMGxsohvNukHwrO,https://api.spotify.com/v1/audio-analysis/1c4ZG57TMGxsohvNukHwrO,234255,4
Sylence,Each Other,29,spotify:track:3rNQTebDCvEdWxIYYaJ5R8,https://open.spotify.com/track/3rNQTebDCvEdWxIYYaJ5R8,"[{'danceability': 0.514, 'energy': 0.967, 'key': 11, 'loudness': -3.145, 'mode': 0, 'speechiness': 0.0827, 'acousticness': 0.0132, 'instrumentalness': 0.23, 'liveness': 0.729, 'valence': 0.303, 'tempo': 150.004, 'type': 'audio_features', 'id': '3rNQTebDCvEdWxIYYaJ5R8', 'uri': 'spotify:track:3rNQTebDCvEdWxIYYaJ5R8', 'track_href': 'https://api.spotify.com/v1/tracks/3rNQTebDCvEdWxIYYaJ5R8', 'analysis_url': 'https://api.spotify.com/v1/audio-analysis/3rNQTebDCvEdWxIYYaJ5R8', 'duration_ms': 294400, 'time_signature': 4}]",0.514,0.967,11,-3.145,0,0.0827,0.0132,0.23,0.729,0.303,150.004,audio_features,3rNQTebDCvEdWxIYYaJ5R8,https://api.spotify.com/v1/tracks/3rNQTebDCvEdWxIYYaJ5R8,https://api.spotify.com/v1/audio-analysis/3rNQTebDCvEdWxIYYaJ5R8,294400,4
The Be Good Tanyas,When Doves Cry,0,spotify:track:3yRj63Op7TZOjRZKBoqsdx,https://open.spotify.com/track/3yRj63Op7TZOjRZKBoqsdx,"[{'danceability': 0.843, 'energy': 0.431, 'key': 11, 'loudness': -11.593, 'mode': 0, 'speechiness': 0.0441, 'acousticness': 0.233, 'instrumentalness': 0.00126, 'liveness': 0.153, 'valence': 0.833, 'tempo': 128.663, 'type': 'audio_features', 'id': '3yRj63Op7TZOjRZKBoqsdx', 'uri': 'spotify:track:3yRj63Op7TZOjRZKBoqsdx', 'track_href': 'https://api.spotify.com/v1/tracks/3yRj63Op7TZOjRZKBoqsdx', 'analysis_url': 'https://api.spotify.com/v1/audio-analysis/3yRj63Op7TZOjRZKBoqsdx', 'duration_ms': 242440, 'time_signature': 4}]",0.843,0.431,11,-11.593,0,0.0441,0.233,0.00126,0.153,0.833,128.663,audio_features,3yRj63Op7TZOjRZKBoqsdx,https://api.spotify.com/v1/tracks/3yRj63Op7TZOjRZKBoqsdx,https://api.spotify.com/v1/audio-analysis/3yRj63Op7TZOjRZKBoqsdx,242440,4
Supreme Beings of Leisure,Ride,0,spotify:track:3UcsT9RzLpqZE4yu65LCqT,https://open.spotify.com/track/3UcsT9RzLpqZE4yu65LCqT,"[{'danceability': 0.579, 'energy': 0.862, 'key': 5, 'loudness': -4.284, 'mode': 0, 'speechiness': 0.0306, 'acousticness': 0.0209, 'instrumentalness': 0.0321, 'liveness': 0.129, 'valence': 0.508, 'tempo': 99.989, 'type': 'audio_features', 'id': '3UcsT9RzLpqZE4yu65LCqT', 'uri': 'spotify:track:3UcsT9RzLpqZE4yu65LCqT', 'track_href': 'https://api.spotify.com/v1/tracks/3UcsT9RzLpqZE4yu65LCqT', 'analysis_url': 'https://api.spotify.com/v1/audio-analysis/3UcsT9RzLpqZE4yu65LCqT', 'duration_ms': 307200, 'time_signature': 4}]",0.579,0.862,5,-4.284,0,0.0306,0.0209,0.0321,0.129,0.508,99.989,audio_features,3UcsT9RzLpqZE4yu65LCqT,https://api.spotify.com/v1/tracks/3UcsT9RzLpqZE4yu65LCqT,https://api.spotify.com/v1/audio-analysis/3UcsT9RzLpqZE4yu65LCqT,307200,4
Etta James,At Last,0,spotify:track:0ACvTRFkZpCHExDx50aaVI,https://open.spotify.com/track/0ACvTRFkZpCHExDx50aaVI,"[{'danceability': 0.164, 'energy': 0.288, 'key': 5, 'loudness': -11.612, 'mode': 1, 'speechiness': 0.0326, 'acousticness': 0.702, 'instrumentalness': 0.000437, 'liveness': 0.337, 'valence': 0.313, 'tempo': 176.146, 'type': 'audio_features', 'id': '0ACvTRFkZpCHExDx50aaVI', 'uri': 'spotify:track:0ACvTRFkZpCHExDx50aaVI', 'track_href': 'https://api.spotify.com/v1/tracks/0ACvTRFkZpCHExDx50aaVI', 'analysis_url': 'https://api.spotify.com/v1/audio-analysis/0ACvTRFkZpCHExDx50aaVI', 'duration_ms': 179853, 'time_signature': 3}]",0.164,0.288,5,-11.612,1,0.0326,0.702,0.000437,0.337,0.313,176.146,audio_features,0ACvTRFkZpCHExDx50aaVI,https://api.spotify.com/v1/tracks/0ACvTRFkZpCHExDx50aaVI,https://api.spotify.com/v1/audio-analysis/0ACvTRFkZpCHExDx50aaVI,179853,3
Dizzy Mizz Lizzy,Rotator - 2010 Digital Remaster,21,spotify:track:2aIvwKlRGpyO9509linP0O,https://open.spotify.com/track/2aIvwKlRGpyO9509linP0O,"[{'danceability': 0.344, 'energy': 0.856, 'key': 0, 'loudness': -5.178, 'mode': 1, 'speechiness': 0.054, 'acousticness': 0.000328, 'instrumentalness': 0.00431, 'liveness': 0.858, 'valence': 0.582, 'tempo': 141.918, 'type': 'audio_features', 'id': '2aIvwKlRGpyO9509linP0O', 'uri': 'spotify:track:2aIvwKlRGpyO9509linP0O', 'track_href': 'https://api.spotify.com/v1/tracks/2aIvwKlRGpyO9509linP0O', 'analysis_url': 'https://api.spotify.com/v1/audio-analysis/2aIvwKlRGpyO9509linP0O', 'duration_ms': 210467, 'time_signature': 3}]",0.344,0.856,0,-5.178,1,0.054,0.000328,0.00431,0.858,0.582,141.918,audio_features,2aIvwKlRGpyO9509linP0O,https://api.spotify.com/v1/tracks/2aIvwKlRGpyO9509linP0O,https://api.spotify.com/v1/audio-analysis/2aIvwKlRGpyO9509linP0O,210467,3
The Black Keys,Have Love Will Travel,0,spotify:track:3zRgFbu0y42O46Rb74TbjL,https://open.spotify.com/track/3zRgFbu0y42O46Rb74TbjL,"[{'danceability': 0.381, 'energy': 0.704, 'key': 7, 'loudness': -4.509, 'mode': 1, 'speechiness': 0.0395, 'acousticness': 0.204, 'instrumentalness': 0.012, 'liveness': 0.0766, 'valence': 0.763, 'tempo': 129.359, 'type': 'audio_features', 'id': '3zRgFbu0y42O46Rb74TbjL', 'uri': 'spotify:track:3zRgFbu0y42O46Rb74TbjL', 'track_href': 'https://api.spotify.com/v1/tracks/3zRgFbu0y42O46Rb74TbjL', 'analysis_url': 'https://api.spotify.com/v1/audio-analysis/3zRgFbu0y42O46Rb74TbjL', 'duration_ms': 153787, 'time_signature': 4}]",0.381,0.704,7,-4.509,1,0.0395,0.204,0.012,0.0766,0.763,129.359,audio_features,3zRgFbu0y42O46Rb74TbjL,https://api.spotify.com/v1/tracks/3zRgFbu0y42O46Rb74TbjL,https://api.spotify.com/v1/audio-analysis/3zRgFbu0y42O46Rb74TbjL,153787,4
Clairy Browne & The Bangin' Rackettes,Love Letter,35,spotify:track:0Vc8lKVpeK7SeUULvYVncH,https://open.spotify.com/track/0Vc8lKVpeK7SeUULvYVncH,"[{'danceability': 0.598, 'energy': 0.871, 'key': 3, 'loudness': -3.614, 'mode': 0, 'speechiness': 0.102, 'acousticness': 0.535, 'instrumentalness': 0, 'liveness': 0.0801, 'valence': 0.544, 'tempo': 126.856, 'type': 'audio_features', 'id': '0Vc8lKVpeK7SeUULvYVncH', 'uri': 'spotify:track:0Vc8lKVpeK7SeUULvYVncH', 'track_href': 'https://api.spotify.com/v1/tracks/0Vc8lKVpeK7SeUULvYVncH', 'analysis_url': 'https://api.spotify.com/v1/audio-analysis/0Vc8lKVpeK7SeUULvYVncH', 'duration_ms': 184640, 'time_signature': 4}]",0.598,0.871,3,-3.614,0,0.102,0.535,0.0,0.0801,0.544,126.856,audio_features,0Vc8lKVpeK7SeUULvYVncH,https://api.spotify.com/v1/tracks/0Vc8lKVpeK7SeUULvYVncH,https://api.spotify.com/v1/audio-analysis/0Vc8lKVpeK7SeUULvYVncH,184640,4
Crystal Castles,Celestica,53,spotify:track:5QmolkpuE6IfPdr7j2MGn5,https://open.spotify.com/track/5QmolkpuE6IfPdr7j2MGn5,"[{'danceability': 0.551, 'energy': 0.694, 'key': 11, 'loudness': -5.81, 'mode': 0, 'speechiness': 0.0334, 'acousticness': 0.0186, 'instrumentalness': 0.00936, 'liveness': 0.116, 'valence': 0.299, 'tempo': 126.0, 'type': 'audio_features', 'id': '5QmolkpuE6IfPdr7j2MGn5', 'uri': 'spotify:track:5QmolkpuE6IfPdr7j2MGn5', 'track_href': 'https://api.spotify.com/v1/tracks/5QmolkpuE6IfPdr7j2MGn5', 'analysis_url': 'https://api.spotify.com/v1/audio-analysis/5QmolkpuE6IfPdr7j2MGn5', 'duration_ms': 228400, 'time_signature': 3}]",0.551,0.694,11,-5.81,0,0.0334,0.0186,0.00936,0.116,0.299,126.0,audio_features,5QmolkpuE6IfPdr7j2MGn5,https://api.spotify.com/v1/tracks/5QmolkpuE6IfPdr7j2MGn5,https://api.spotify.com/v1/audio-analysis/5QmolkpuE6IfPdr7j2MGn5,228400,3
Young Thug,Sin (feat. Jaden Smith),57,spotify:track:1Jl21sidRpEdlVBvYbssLx,https://open.spotify.com/track/1Jl21sidRpEdlVBvYbssLx,"[{'danceability': 0.889, 'energy': 0.385, 'key': 11, 'loudness': -11.767, 'mode': 0, 'speechiness': 0.165, 'acousticness': 0.00544, 'instrumentalness': 0, 'liveness': 0.274, 'valence': 0.235, 'tempo': 125.995, 'type': 'audio_features', 'id': '1Jl21sidRpEdlVBvYbssLx', 'uri': 'spotify:track:1Jl21sidRpEdlVBvYbssLx', 'track_href': 'https://api.spotify.com/v1/tracks/1Jl21sidRpEdlVBvYbssLx', 'analysis_url': 'https://api.spotify.com/v1/audio-analysis/1Jl21sidRpEdlVBvYbssLx', 'duration_ms': 202533, 'time_signature': 4}]",0.889,0.385,11,-11.767,0,0.165,0.00544,0.0,0.274,0.235,125.995,audio_features,1Jl21sidRpEdlVBvYbssLx,https://api.spotify.com/v1/tracks/1Jl21sidRpEdlVBvYbssLx,https://api.spotify.com/v1/audio-analysis/1Jl21sidRpEdlVBvYbssLx,202533,4
The Velvet Underground,Sister Ray,0,spotify:track:3BvMJTuIIOUuqoAL7VTQ4l,https://open.spotify.com/track/3BvMJTuIIOUuqoAL7VTQ4l,"[{'danceability': 0.254, 'energy': 0.875, 'key': 7, 'loudness': -7.615, 'mode': 1, 'speechiness': 0.0577, 'acousticness': 0.279, 'instrumentalness': 0.0219, 'liveness': 0.0995, 'valence': 0.435, 'tempo': 133.625, 'type': 'audio_features', 'id': '3BvMJTuIIOUuqoAL7VTQ4l', 'uri': 'spotify:track:3BvMJTuIIOUuqoAL7VTQ4l', 'track_href': 'https://api.spotify.com/v1/tracks/3BvMJTuIIOUuqoAL7VTQ4l', 'analysis_url': 'https://api.spotify.com/v1/audio-analysis/3BvMJTuIIOUuqoAL7VTQ4l', 'duration_ms': 1050120, 'time_signature': 4}]",0.254,0.875,7,-7.615,1,0.0577,0.279,0.0219,0.0995,0.435,133.625,audio_features,3BvMJTuIIOUuqoAL7VTQ4l,https://api.spotify.com/v1/tracks/3BvMJTuIIOUuqoAL7VTQ4l,https://api.spotify.com/v1/audio-analysis/3BvMJTuIIOUuqoAL7VTQ4l,1050120,4
Life Sounds Nature,Thunderstorm With Ultra-Big Hit,0,spotify:track:34XkE2hhXxz2GBrJuW0GMU,https://open.spotify.com/track/34XkE2hhXxz2GBrJuW0GMU,"[{'danceability': 0.0758, 'energy': 0.176, 'key': 1, 'loudness': -35.699, 'mode': 1, 'speechiness': 0.0691, 'acousticness': 0.000135, 'instrumentalness': 0.925, 'liveness': 0.127, 'valence': 0.034, 'tempo': 77.725, 'type': 'audio_features', 'id': '34XkE2hhXxz2GBrJuW0GMU', 'uri': 'spotify:track:34XkE2hhXxz2GBrJuW0GMU', 'track_href': 'https://api.spotify.com/v1/tracks/34XkE2hhXxz2GBrJuW0GMU', 'analysis_url': 'https://api.spotify.com/v1/audio-analysis/34XkE2hhXxz2GBrJuW0GMU', 'duration_ms': 4800052, 'time_signature': 4}]",0.0758,0.176,1,-35.699,1,0.0691,0.000135,0.925,0.127,0.034,77.725,audio_features,34XkE2hhXxz2GBrJuW0GMU,https://api.spotify.com/v1/tracks/34XkE2hhXxz2GBrJuW0GMU,https://api.spotify.com/v1/audio-analysis/34XkE2hhXxz2GBrJuW0GMU,4800052,4
Meditation Zen Master,Jungle Habitat at Daybreak for Relaxation,1,spotify:track:1rPQKUaievsaS5KI3kpBXN,https://open.spotify.com/track/1rPQKUaievsaS5KI3kpBXN,"[{'danceability': 0.143, 'energy': 0.754, 'key': 11, 'loudness': -23.519, 'mode': 0, 'speechiness': 0.296, 'acousticness': 0.969, 'instrumentalness': 0.000715, 'liveness': 0.271, 'valence': 0.0203, 'tempo': 76.748, 'type': 'audio_features', 'id': '1rPQKUaievsaS5KI3kpBXN', 'uri': 'spotify:track:1rPQKUaievsaS5KI3kpBXN', 'track_href': 'https://api.spotify.com/v1/tracks/1rPQKUaievsaS5KI3kpBXN', 'analysis_url': 'https://api.spotify.com/v1/audio-analysis/1rPQKUaievsaS5KI3kpBXN', 'duration_ms': 2400265, 'time_signature': 4}]",0.143,0.754,11,-23.519,0,0.296,0.969,0.000715,0.271,0.0203,76.748,audio_features,1rPQKUaievsaS5KI3kpBXN,https://api.spotify.com/v1/tracks/1rPQKUaievsaS5KI3kpBXN,https://api.spotify.com/v1/audio-analysis/1rPQKUaievsaS5KI3kpBXN,2400265,4
